instance,data_set,n_items,algorithm,height,lower_bound,gap_pct
C1P1,data/c,16,bf-LM,21,20,5.0000
C1P1,data/c,16,bf-TN,22,20,10.0000
C1P1,data/c,16,bf-SN,21,20,5.0000
C1P1,data/c,16,bbf-best288,21,20,5.0000
C1P1,data/c,16,twbf-best18,21,20,5.0000
C1P1,data/c,16,ish-core,21,20,5.0000
C1P1,data/c,16,sh-greedy,23,20,15.0000
C1P1,data/c,16,ffdh,25,20,25.0000
C1P1,data/c,16,bfdh,25,20,25.0000
C1P1,data/c,16,sas,30,20,50.0000
C1P1,data/c,16,sasm,30,20,50.0000
C1P1,data/c,16,bfs,20,20,0.0000
C1P1,data/c,16,sc,20,20,0.0000
C1P1,data/c,16,scr,20,20,0.0000
C1P1,data/c,16,fh,20,20,0.0000
C1P2,data/c,17,bf-LM,22,20,10.0000
C1P2,data/c,17,bf-TN,22,20,10.0000
C1P2,data/c,17,bf-SN,22,20,10.0000
C1P2,data/c,17,bbf-best288,21,20,5.0000
C1P2,data/c,17,twbf-best18,21,20,5.0000
C1P2,data/c,17,ish-core,23,20,15.0000
C1P2,data/c,17,sh-greedy,23,20,15.0000
C1P2,data/c,17,ffdh,29,20,45.0000
C1P2,data/c,17,bfdh,31,20,55.0000
C1P2,data/c,17,sas,31,20,55.0000
C1P2,data/c,17,sasm,27,20,35.0000
C1P2,data/c,17,bfs,26,20,30.0000
C1P2,data/c,17,sc,25,20,25.0000
C1P2,data/c,17,scr,24,20,20.0000
C1P2,data/c,17,fh,21,20,5.0000
C1P3,data/c,16,bf-LM,24,20,20.0000
C1P3,data/c,16,bf-TN,24,20,20.0000
C1P3,data/c,16,bf-SN,24,20,20.0000
C1P3,data/c,16,bbf-best288,21,20,5.0000
C1P3,data/c,16,twbf-best18,21,20,5.0000
C1P3,data/c,16,ish-core,20,20,0.0000
C1P3,data/c,16,sh-greedy,23,20,15.0000
C1P3,data/c,16,ffdh,28,20,40.0000
C1P3,data/c,16,bfdh,28,20,40.0000
C1P3,data/c,16,sas,29,20,45.0000
C1P3,data/c,16,sasm,26,20,30.0000
C1P3,data/c,16,bfs,25,20,25.0000
C1P3,data/c,16,sc,25,20,25.0000
C1P3,data/c,16,scr,22,20,10.0000
C1P3,data/c,16,fh,21,20,5.0000
C2P1,data/c,25,bf-LM,17,15,13.3333
C2P1,data/c,25,bf-TN,16,15,6.6667
C2P1,data/c,25,bf-SN,17,15,13.3333
C2P1,data/c,25,bbf-best288,16,15,6.6667
C2P1,data/c,25,twbf-best18,16,15,6.6667
C2P1,data/c,25,ish-core,16,15,6.6667
C2P1,data/c,25,sh-greedy,16,15,6.6667
C2P1,data/c,25,ffdh,17,15,13.3333
C2P1,data/c,25,bfdh,17,15,13.3333
C2P1,data/c,25,sas,26,15,73.3333
C2P1,data/c,25,sasm,21,15,40.0000
C2P1,data/c,25,bfs,17,15,13.3333
C2P1,data/c,25,sc,17,15,13.3333
C2P1,data/c,25,scr,17,15,13.3333
C2P1,data/c,25,fh,16,15,6.6667
C2P2,data/c,25,bf-LM,16,15,6.6667
C2P2,data/c,25,bf-TN,17,15,13.3333
C2P2,data/c,25,bf-SN,16,15,6.6667
C2P2,data/c,25,bbf-best288,16,15,6.6667
C2P2,data/c,25,twbf-best18,16,15,6.6667
C2P2,data/c,25,ish-core,17,15,13.3333
C2P2,data/c,25,sh-greedy,16,15,6.6667
C2P2,data/c,25,ffdh,19,15,26.6667
C2P2,data/c,25,bfdh,19,15,26.6667
C2P2,data/c,25,sas,25,15,66.6667
C2P2,data/c,25,sasm,21,15,40.0000
C2P2,data/c,25,bfs,17,15,13.3333
C2P2,data/c,25,sc,16,15,6.6667
C2P2,data/c,25,scr,17,15,13.3333
C2P2,data/c,25,fh,16,15,6.6667
C2P3,data/c,25,bf-LM,18,15,20.0000
C2P3,data/c,25,bf-TN,17,15,13.3333
C2P3,data/c,25,bf-SN,17,15,13.3333
C2P3,data/c,25,bbf-best288,15,15,0.0000
C2P3,data/c,25,twbf-best18,17,15,13.3333
C2P3,data/c,25,ish-core,15,15,0.0000
C2P3,data/c,25,sh-greedy,16,15,6.6667
C2P3,data/c,25,ffdh,16,15,6.6667
C2P3,data/c,25,bfdh,17,15,13.3333
C2P3,data/c,25,sas,26,15,73.3333
C2P3,data/c,25,sasm,19,15,26.6667
C2P3,data/c,25,bfs,17,15,13.3333
C2P3,data/c,25,sc,16,15,6.6667
C2P3,data/c,25,scr,16,15,6.6667
C2P3,data/c,25,fh,15,15,0.0000
C3P1,data/c,28,bf-LM,32,30,6.6667
C3P1,data/c,28,bf-TN,32,30,6.6667
C3P1,data/c,28,bf-SN,32,30,6.6667
C3P1,data/c,28,bbf-best288,31,30,3.3333
C3P1,data/c,28,twbf-best18,32,30,6.6667
C3P1,data/c,28,ish-core,31,30,3.3333
C3P1,data/c,28,sh-greedy,33,30,10.0000
C3P1,data/c,28,ffdh,39,30,30.0000
C3P1,data/c,28,bfdh,39,30,30.0000
C3P1,data/c,28,sas,47,30,56.6667
C3P1,data/c,28,sasm,39,30,30.0000
C3P1,data/c,28,bfs,36,30,20.0000
C3P1,data/c,28,sc,33,30,10.0000
C3P1,data/c,28,scr,34,30,13.3333
C3P1,data/c,28,fh,31,30,3.3333
C3P2,data/c,29,bf-LM,34,30,13.3333
C3P2,data/c,29,bf-TN,34,30,13.3333
C3P2,data/c,29,bf-SN,34,30,13.3333
C3P2,data/c,29,bbf-best288,32,30,6.6667
C3P2,data/c,29,twbf-best18,33,30,10.0000
C3P2,data/c,29,ish-core,33,30,10.0000
C3P2,data/c,29,sh-greedy,32,30,6.6667
C3P2,data/c,29,ffdh,36,30,20.0000
C3P2,data/c,29,bfdh,36,30,20.0000
C3P2,data/c,29,sas,51,30,70.0000
C3P2,data/c,29,sasm,42,30,40.0000
C3P2,data/c,29,bfs,36,30,20.0000
C3P2,data/c,29,sc,36,30,20.0000
C3P2,data/c,29,scr,36,30,20.0000
C3P2,data/c,29,fh,32,30,6.6667
C3P3,data/c,28,bf-LM,33,30,10.0000
C3P3,data/c,28,bf-TN,35,30,16.6667
C3P3,data/c,28,bf-SN,35,30,16.6667
C3P3,data/c,28,bbf-best288,32,30,6.6667
C3P3,data/c,28,twbf-best18,33,30,10.0000
C3P3,data/c,28,ish-core,32,30,6.6667
C3P3,data/c,28,sh-greedy,32,30,6.6667
C3P3,data/c,28,ffdh,39,30,30.0000
C3P3,data/c,28,bfdh,40,30,33.3333
C3P3,data/c,28,sas,47,30,56.6667
C3P3,data/c,28,sasm,41,30,36.6667
C3P3,data/c,28,bfs,34,30,13.3333
C3P3,data/c,28,sc,34,30,13.3333
C3P3,data/c,28,scr,34,30,13.3333
C3P3,data/c,28,fh,32,30,6.6667
C4P1,data/c,49,bf-LM,63,60,5.0000
C4P1,data/c,49,bf-TN,64,60,6.6667
C4P1,data/c,49,bf-SN,65,60,8.3333
C4P1,data/c,49,bbf-best288,62,60,3.3333
C4P1,data/c,49,twbf-best18,63,60,5.0000
C4P1,data/c,49,ish-core,65,60,8.3333
C4P1,data/c,49,sh-greedy,70,60,16.6667
C4P1,data/c,49,ffdh,78,60,30.0000
C4P1,data/c,49,bfdh,80,60,33.3333
C4P1,data/c,49,sas,84,60,40.0000
C4P1,data/c,49,sasm,76,60,26.6667
C4P1,data/c,49,bfs,66,60,10.0000
C4P1,data/c,49,sc,68,60,13.3333
C4P1,data/c,49,scr,67,60,11.6667
C4P1,data/c,49,fh,61,60,1.6667
C4P2,data/c,49,bf-LM,64,60,6.6667
C4P2,data/c,49,bf-TN,66,60,10.0000
C4P2,data/c,49,bf-SN,62,60,3.3333
C4P2,data/c,49,bbf-best288,62,60,3.3333
C4P2,data/c,49,twbf-best18,62,60,3.3333
C4P2,data/c,49,ish-core,61,60,1.6667
C4P2,data/c,49,sh-greedy,69,60,15.0000
C4P2,data/c,49,ffdh,78,60,30.0000
C4P2,data/c,49,bfdh,79,60,31.6667
C4P2,data/c,49,sas,83,60,38.3333
C4P2,data/c,49,sasm,76,60,26.6667
C4P2,data/c,49,bfs,79,60,31.6667
C4P2,data/c,49,sc,70,60,16.6667
C4P2,data/c,49,scr,72,60,20.0000
C4P2,data/c,49,fh,61,60,1.6667
C4P3,data/c,49,bf-LM,62,60,3.3333
C4P3,data/c,49,bf-TN,63,60,5.0000
C4P3,data/c,49,bf-SN,63,60,5.0000
C4P3,data/c,49,bbf-best288,61,60,1.6667
C4P3,data/c,49,twbf-best18,62,60,3.3333
C4P3,data/c,49,ish-core,62,60,3.3333
C4P3,data/c,49,sh-greedy,68,60,13.3333
C4P3,data/c,49,ffdh,72,60,20.0000
C4P3,data/c,49,bfdh,73,60,21.6667
C4P3,data/c,49,sas,83,60,38.3333
C4P3,data/c,49,sasm,81,60,35.0000
C4P3,data/c,49,bfs,63,60,5.0000
C4P3,data/c,49,sc,63,60,5.0000
C4P3,data/c,49,scr,63,60,5.0000
C4P3,data/c,49,fh,61,60,1.6667
C5P1,data/c,73,bf-LM,94,90,4.4444
C5P1,data/c,73,bf-TN,93,90,3.3333
C5P1,data/c,73,bf-SN,94,90,4.4444
C5P1,data/c,73,bbf-best288,92,90,2.2222
C5P1,data/c,73,twbf-best18,92,90,2.2222
C5P1,data/c,73,ish-core,93,90,3.3333
C5P1,data/c,73,sh-greedy,101,90,12.2222
C5P1,data/c,73,ffdh,110,90,22.2222
C5P1,data/c,73,bfdh,110,90,22.2222
C5P1,data/c,73,sas,115,90,27.7778
C5P1,data/c,73,sasm,109,90,21.1111
C5P1,data/c,73,bfs,99,90,10.0000
C5P1,data/c,73,sc,95,90,5.5556
C5P1,data/c,73,scr,98,90,8.8889
C5P1,data/c,73,fh,91,90,1.1111
C5P2,data/c,73,bf-LM,93,90,3.3333
C5P2,data/c,73,bf-TN,92,90,2.2222
C5P2,data/c,73,bf-SN,96,90,6.6667
C5P2,data/c,73,bbf-best288,91,90,1.1111
C5P2,data/c,73,twbf-best18,92,90,2.2222
C5P2,data/c,73,ish-core,93,90,3.3333
C5P2,data/c,73,sh-greedy,95,90,5.5556
C5P2,data/c,73,ffdh,113,90,25.5556
C5P2,data/c,73,bfdh,117,90,30.0000
C5P2,data/c,73,sas,120,90,33.3333
C5P2,data/c,73,sasm,119,90,32.2222
C5P2,data/c,73,bfs,106,90,17.7778
C5P2,data/c,73,sc,101,90,12.2222
C5P2,data/c,73,scr,99,90,10.0000
C5P2,data/c,73,fh,91,90,1.1111
C5P3,data/c,73,bf-LM,94,90,4.4444
C5P3,data/c,73,bf-TN,93,90,3.3333
C5P3,data/c,73,bf-SN,93,90,3.3333
C5P3,data/c,73,bbf-best288,92,90,2.2222
C5P3,data/c,73,twbf-best18,92,90,2.2222
C5P3,data/c,73,ish-core,93,90,3.3333
C5P3,data/c,73,sh-greedy,100,90,11.1111
C5P3,data/c,73,ffdh,112,90,24.4444
C5P3,data/c,73,bfdh,112,90,24.4444
C5P3,data/c,73,sas,115,90,27.7778
C5P3,data/c,73,sasm,107,90,18.8889
C5P3,data/c,73,bfs,102,90,13.3333
C5P3,data/c,73,sc,98,90,8.8889
C5P3,data/c,73,scr,97,90,7.7778
C5P3,data/c,73,fh,91,90,1.1111
C6P1,data/c,97,bf-LM,124,120,3.3333
C6P1,data/c,97,bf-TN,123,120,2.5000
C6P1,data/c,97,bf-SN,127,120,5.8333
C6P1,data/c,97,bbf-best288,122,120,1.6667
C6P1,data/c,97,twbf-best18,123,120,2.5000
C6P1,data/c,97,ish-core,123,120,2.5000
C6P1,data/c,97,sh-greedy,144,120,20.0000
C6P1,data/c,97,ffdh,159,120,32.5000
C6P1,data/c,97,bfdh,159,120,32.5000
C6P1,data/c,97,sas,162,120,35.0000
C6P1,data/c,97,sasm,149,120,24.1667
C6P1,data/c,97,bfs,129,120,7.5000
C6P1,data/c,97,sc,127,120,5.8333
C6P1,data/c,97,scr,128,120,6.6667
C6P1,data/c,97,fh,121,120,0.8333
C6P2,data/c,97,bf-LM,124,120,3.3333
C6P2,data/c,97,bf-TN,124,120,3.3333
C6P2,data/c,97,bf-SN,122,120,1.6667
C6P2,data/c,97,bbf-best288,123,120,2.5000
C6P2,data/c,97,twbf-best18,122,120,1.6667
C6P2,data/c,97,ish-core,122,120,1.6667
C6P2,data/c,97,sh-greedy,128,120,6.6667
C6P2,data/c,97,ffdh,152,120,26.6667
C6P2,data/c,97,bfdh,154,120,28.3333
C6P2,data/c,97,sas,156,120,30.0000
C6P2,data/c,97,sasm,152,120,26.6667
C6P2,data/c,97,bfs,132,120,10.0000
C6P2,data/c,97,sc,128,120,6.6667
C6P2,data/c,97,scr,127,120,5.8333
C6P2,data/c,97,fh,121,120,0.8333
C6P3,data/c,97,bf-LM,124,120,3.3333
C6P3,data/c,97,bf-TN,128,120,6.6667
C6P3,data/c,97,bf-SN,125,120,4.1667
C6P3,data/c,97,bbf-best288,121,120,0.8333
C6P3,data/c,97,twbf-best18,123,120,2.5000
C6P3,data/c,97,ish-core,123,120,2.5000
C6P3,data/c,97,sh-greedy,137,120,14.1667
C6P3,data/c,97,ffdh,158,120,31.6667
C6P3,data/c,97,bfdh,160,120,33.3333
C6P3,data/c,97,sas,154,120,28.3333
C6P3,data/c,97,sasm,138,120,15.0000
C6P3,data/c,97,bfs,137,120,14.1667
C6P3,data/c,97,sc,129,120,7.5000
C6P3,data/c,97,scr,126,120,5.0000
C6P3,data/c,97,fh,121,120,0.8333
C7P1,data/c,196,bf-LM,246,240,2.5000
C7P1,data/c,196,bf-TN,247,240,2.9167
C7P1,data/c,196,bf-SN,250,240,4.1667
C7P1,data/c,196,bbf-best288,243,240,1.2500
C7P1,data/c,196,twbf-best18,245,240,2.0833
C7P1,data/c,196,ish-core,243,240,1.2500
C7P1,data/c,196,sh-greedy,266,240,10.8333
C7P1,data/c,196,ffdh,284,240,18.3333
C7P1,data/c,196,bfdh,287,240,19.5833
C7P1,data/c,196,sas,285,240,18.7500
C7P1,data/c,196,sasm,271,240,12.9167
C7P1,data/c,196,bfs,260,240,8.3333
C7P1,data/c,196,sc,250,240,4.1667
C7P1,data/c,196,scr,256,240,6.6667
C7P1,data/c,196,fh,241,240,0.4167
C7P2,data/c,197,bf-LM,246,240,2.5000
C7P2,data/c,197,bf-TN,244,240,1.6667
C7P2,data/c,197,bf-SN,246,240,2.5000
C7P2,data/c,197,bbf-best288,244,240,1.6667
C7P2,data/c,197,twbf-best18,244,240,1.6667
C7P2,data/c,197,ish-core,249,240,3.7500
C7P2,data/c,197,sh-greedy,254,240,5.8333
C7P2,data/c,197,ffdh,305,240,27.0833
C7P2,data/c,197,bfdh,309,240,28.7500
C7P2,data/c,197,sas,305,240,27.0833
C7P2,data/c,197,sasm,276,240,15.0000
C7P2,data/c,197,bfs,259,240,7.9167
C7P2,data/c,197,sc,249,240,3.7500
C7P2,data/c,197,scr,255,240,6.2500
C7P2,data/c,197,fh,241,240,0.4167
C7P3,data/c,196,bf-LM,245,240,2.0833
C7P3,data/c,196,bf-TN,246,240,2.5000
C7P3,data/c,196,bf-SN,248,240,3.3333
C7P3,data/c,196,bbf-best288,242,240,0.8333
C7P3,data/c,196,twbf-best18,245,240,2.0833
C7P3,data/c,196,ish-core,245,240,2.0833
C7P3,data/c,196,sh-greedy,264,240,10.0000
C7P3,data/c,196,ffdh,291,240,21.2500
C7P3,data/c,196,bfdh,292,240,21.6667
C7P3,data/c,196,sas,291,240,21.2500
C7P3,data/c,196,sasm,267,240,11.2500
C7P3,data/c,196,bfs,261,240,8.7500
C7P3,data/c,196,sc,253,240,5.4167
C7P3,data/c,196,scr,255,240,6.2500
C7P3,data/c,196,fh,241,240,0.4167
BKW01,data/bkw,10,bf-LM,48,40,20.0000
BKW01,data/bkw,10,bf-TN,47,40,17.5000
BKW01,data/bkw,10,bf-SN,47,40,17.5000
BKW01,data/bkw,10,bbf-best288,40,40,0.0000
BKW01,data/bkw,10,twbf-best18,40,40,0.0000
BKW01,data/bkw,10,ish-core,40,40,0.0000
BKW01,data/bkw,10,sh-greedy,40,40,0.0000
BKW01,data/bkw,10,ffdh,46,40,15.0000
BKW01,data/bkw,10,bfdh,46,40,15.0000
BKW01,data/bkw,10,sas,60,40,50.0000
BKW01,data/bkw,10,sasm,46,40,15.0000
BKW01,data/bkw,10,bfs,40,40,0.0000
BKW01,data/bkw,10,sc,40,40,0.0000
BKW01,data/bkw,10,scr,40,40,0.0000
BKW01,data/bkw,10,fh,40,40,0.0000
BKW02,data/bkw,20,bf-LM,55,50,10.0000
BKW02,data/bkw,20,bf-TN,53,50,6.0000
BKW02,data/bkw,20,bf-SN,54,50,8.0000
BKW02,data/bkw,20,bbf-best288,53,50,6.0000
BKW02,data/bkw,20,twbf-best18,53,50,6.0000
BKW02,data/bkw,20,ish-core,54,50,8.0000
BKW02,data/bkw,20,sh-greedy,57,50,14.0000
BKW02,data/bkw,20,ffdh,65,50,30.0000
BKW02,data/bkw,20,bfdh,65,50,30.0000
BKW02,data/bkw,20,sas,67,50,34.0000
BKW02,data/bkw,20,sasm,75,50,50.0000
BKW02,data/bkw,20,bfs,61,50,22.0000
BKW02,data/bkw,20,sc,61,50,22.0000
BKW02,data/bkw,20,scr,61,50,22.0000
BKW02,data/bkw,20,fh,50,50,0.0000
BKW03,data/bkw,30,bf-LM,54,50,8.0000
BKW03,data/bkw,30,bf-TN,64,50,28.0000
BKW03,data/bkw,30,bf-SN,54,50,8.0000
BKW03,data/bkw,30,bbf-best288,52,50,4.0000
BKW03,data/bkw,30,twbf-best18,52,50,4.0000
BKW03,data/bkw,30,ish-core,53,50,6.0000
BKW03,data/bkw,30,sh-greedy,57,50,14.0000
BKW03,data/bkw,30,ffdh,68,50,36.0000
BKW03,data/bkw,30,bfdh,68,50,36.0000
BKW03,data/bkw,30,sas,68,50,36.0000
BKW03,data/bkw,30,sasm,63,50,26.0000
BKW03,data/bkw,30,bfs,57,50,14.0000
BKW03,data/bkw,30,sc,54,50,8.0000
BKW03,data/bkw,30,scr,54,50,8.0000
BKW03,data/bkw,30,fh,51,50,2.0000
BKW04,data/bkw,40,bf-LM,86,80,7.5000
BKW04,data/bkw,40,bf-TN,102,80,27.5000
BKW04,data/bkw,40,bf-SN,87,80,8.7500
BKW04,data/bkw,40,bbf-best288,82,80,2.5000
BKW04,data/bkw,40,twbf-best18,84,80,5.0000
BKW04,data/bkw,40,ish-core,83,80,3.7500
BKW04,data/bkw,40,sh-greedy,93,80,16.2500
BKW04,data/bkw,40,ffdh,126,80,57.5000
BKW04,data/bkw,40,bfdh,126,80,57.5000
BKW04,data/bkw,40,sas,106,80,32.5000
BKW04,data/bkw,40,sasm,92,80,15.0000
BKW04,data/bkw,40,bfs,87,80,8.7500
BKW04,data/bkw,40,sc,87,80,8.7500
BKW04,data/bkw,40,scr,96,80,20.0000
BKW04,data/bkw,40,fh,83,80,3.7500
BKW05,data/bkw,50,bf-LM,105,100,5.0000
BKW05,data/bkw,50,bf-TN,105,100,5.0000
BKW05,data/bkw,50,bf-SN,106,100,6.0000
BKW05,data/bkw,50,bbf-best288,103,100,3.0000
BKW05,data/bkw,50,twbf-best18,104,100,4.0000
BKW05,data/bkw,50,ish-core,106,100,6.0000
BKW05,data/bkw,50,sh-greedy,112,100,12.0000
BKW05,data/bkw,50,ffdh,119,100,19.0000
BKW05,data/bkw,50,bfdh,119,100,19.0000
BKW05,data/bkw,50,sas,149,100,49.0000
BKW05,data/bkw,50,sasm,144,100,44.0000
BKW05,data/bkw,50,bfs,109,100,9.0000
BKW05,data/bkw,50,sc,109,100,9.0000
BKW05,data/bkw,50,scr,106,100,6.0000
BKW05,data/bkw,50,fh,103,100,3.0000
BKW06,data/bkw,60,bf-LM,102,100,2.0000
BKW06,data/bkw,60,bf-TN,104,100,4.0000
BKW06,data/bkw,60,bf-SN,107,100,7.0000
BKW06,data/bkw,60,bbf-best288,102,100,2.0000
BKW06,data/bkw,60,twbf-best18,102,100,2.0000
BKW06,data/bkw,60,ish-core,102,100,2.0000
BKW06,data/bkw,60,sh-greedy,109,100,9.0000
BKW06,data/bkw,60,ffdh,109,100,9.0000
BKW06,data/bkw,60,bfdh,109,100,9.0000
BKW06,data/bkw,60,sas,127,100,27.0000
BKW06,data/bkw,60,sasm,174,100,74.0000
BKW06,data/bkw,60,bfs,105,100,5.0000
BKW06,data/bkw,60,sc,105,100,5.0000
BKW06,data/bkw,60,scr,105,100,5.0000
BKW06,data/bkw,60,fh,102,100,2.0000
BKW07,data/bkw,70,bf-LM,110,100,10.0000
BKW07,data/bkw,70,bf-TN,107,100,7.0000
BKW07,data/bkw,70,bf-SN,110,100,10.0000
BKW07,data/bkw,70,bbf-best288,104,100,4.0000
BKW07,data/bkw,70,twbf-best18,108,100,8.0000
BKW07,data/bkw,70,ish-core,116,100,16.0000
BKW07,data/bkw,70,sh-greedy,127,100,27.0000
BKW07,data/bkw,70,ffdh,160,100,60.0000
BKW07,data/bkw,70,bfdh,161,100,61.0000
BKW07,data/bkw,70,sas,164,100,64.0000
BKW07,data/bkw,70,sasm,164,100,64.0000
BKW07,data/bkw,70,bfs,121,100,21.0000
BKW07,data/bkw,70,sc,118,100,18.0000
BKW07,data/bkw,70,scr,118,100,18.0000
BKW07,data/bkw,70,fh,102,100,2.0000
BKW08,data/bkw,80,bf-LM,85,80,6.2500
BKW08,data/bkw,80,bf-TN,83,80,3.7500
BKW08,data/bkw,80,bf-SN,85,80,6.2500
BKW08,data/bkw,80,bbf-best288,82,80,2.5000
BKW08,data/bkw,80,twbf-best18,83,80,3.7500
BKW08,data/bkw,80,ish-core,82,80,2.5000
BKW08,data/bkw,80,sh-greedy,99,80,23.7500
BKW08,data/bkw,80,ffdh,108,80,35.0000
BKW08,data/bkw,80,bfdh,108,80,35.0000
BKW08,data/bkw,80,sas,105,80,31.2500
BKW08,data/bkw,80,sasm,104,80,30.0000
BKW08,data/bkw,80,bfs,88,80,10.0000
BKW08,data/bkw,80,sc,87,80,8.7500
BKW08,data/bkw,80,scr,88,80,10.0000
BKW08,data/bkw,80,fh,81,80,1.2500
BKW09,data/bkw,100,bf-LM,163,150,8.6667
BKW09,data/bkw,100,bf-TN,163,150,8.6667
BKW09,data/bkw,100,bf-SN,163,150,8.6667
BKW09,data/bkw,100,bbf-best288,152,150,1.3333
BKW09,data/bkw,100,twbf-best18,154,150,2.6667
BKW09,data/bkw,100,ish-core,152,150,1.3333
BKW09,data/bkw,100,sh-greedy,171,150,14.0000
BKW09,data/bkw,100,ffdh,181,150,20.6667
BKW09,data/bkw,100,bfdh,182,150,21.3333
BKW09,data/bkw,100,sas,204,150,36.0000
BKW09,data/bkw,100,sasm,239,150,59.3333
BKW09,data/bkw,100,bfs,164,150,9.3333
BKW09,data/bkw,100,sc,160,150,6.6667
BKW09,data/bkw,100,scr,161,150,7.3333
BKW09,data/bkw,100,fh,153,150,2.0000
BKW10,data/bkw,200,bf-LM,153,150,2.0000
BKW10,data/bkw,200,bf-TN,158,150,5.3333
BKW10,data/bkw,200,bf-SN,154,150,2.6667
BKW10,data/bkw,200,bbf-best288,151,150,0.6667
BKW10,data/bkw,200,twbf-best18,152,150,1.3333
BKW10,data/bkw,200,ish-core,151,150,0.6667
BKW10,data/bkw,200,sh-greedy,161,150,7.3333
BKW10,data/bkw,200,ffdh,191,150,27.3333
BKW10,data/bkw,200,bfdh,191,150,27.3333
BKW10,data/bkw,200,sas,196,150,30.6667
BKW10,data/bkw,200,sasm,185,150,23.3333
BKW10,data/bkw,200,bfs,166,150,10.6667
BKW10,data/bkw,200,sc,161,150,7.3333
BKW10,data/bkw,200,scr,155,150,3.3333
BKW10,data/bkw,200,fh,151,150,0.6667
BKW11,data/bkw,300,bf-LM,153,150,2.0000
BKW11,data/bkw,300,bf-TN,153,150,2.0000
BKW11,data/bkw,300,bf-SN,154,150,2.6667
BKW11,data/bkw,300,bbf-best288,151,150,0.6667
BKW11,data/bkw,300,twbf-best18,152,150,1.3333
BKW11,data/bkw,300,ish-core,151,150,0.6667
BKW11,data/bkw,300,sh-greedy,160,150,6.6667
BKW11,data/bkw,300,ffdh,169,150,12.6667
BKW11,data/bkw,300,bfdh,170,150,13.3333
BKW11,data/bkw,300,sas,210,150,40.0000
BKW11,data/bkw,300,sasm,248,150,65.3333
BKW11,data/bkw,300,bfs,156,150,4.0000
BKW11,data/bkw,300,sc,156,150,4.0000
BKW11,data/bkw,300,scr,154,150,2.6667
BKW11,data/bkw,300,fh,151,150,0.6667
BKW12,data/bkw,500,bf-LM,347,300,15.6667
BKW12,data/bkw,500,bf-TN,305,300,1.6667
BKW12,data/bkw,500,bf-SN,363,300,21.0000
BKW12,data/bkw,500,bbf-best288,302,300,0.6667
BKW12,data/bkw,500,twbf-best18,306,300,2.0000
BKW12,data/bkw,500,ish-core,302,300,0.6667
BKW12,data/bkw,500,sh-greedy,331,300,10.3333
BKW12,data/bkw,500,ffdh,372,300,24.0000
BKW12,data/bkw,500,bfdh,373,300,24.3333
BKW12,data/bkw,500,sas,372,300,24.0000
BKW12,data/bkw,500,sasm,344,300,14.6667
BKW12,data/bkw,500,bfs,314,300,4.6667
BKW12,data/bkw,500,sc,312,300,4.0000
BKW12,data/bkw,500,scr,318,300,6.0000
BKW12,data/bkw,500,fh,302,300,0.6667
BKW13,data/bkw,3152,bf-LM,968,960,0.8333
BKW13,data/bkw,3152,bf-TN,965,960,0.5208
BKW13,data/bkw,3152,bf-SN,968,960,0.8333
BKW13,data/bkw,3152,twbf-best18,964,960,0.4167
BKW13,data/bkw,3152,ish-core,964,960,0.4167
BKW13,data/bkw,3152,ffdh,1003,960,4.4792
BKW13,data/bkw,3152,bfdh,1003,960,4.4792
BKW13,data/bkw,3152,sas,1034,960,7.7083
BKW13,data/bkw,3152,sasm,1002,960,4.3750
BKW13,data/bkw,3152,bfs,972,960,1.2500
BKW13,data/bkw,3152,sc,972,960,1.2500
BKW13,data/bkw,3152,scr,975,960,1.5625
BKW13,data/bkw,3152,fh,960,960,0.0000
N1A,data/nt,17,bf-LM,229,200,14.5000
N1A,data/nt,17,bf-TN,229,200,14.5000
N1A,data/nt,17,bf-SN,229,200,14.5000
N1A,data/nt,17,bbf-best288,220,200,10.0000
N1A,data/nt,17,twbf-best18,226,200,13.0000
N1A,data/nt,17,ish-core,219,200,9.5000
N1A,data/nt,17,sh-greedy,246,200,23.0000
N1A,data/nt,17,ffdh,297,200,48.5000
N1A,data/nt,17,bfdh,297,200,48.5000
N1A,data/nt,17,sas,275,200,37.5000
N1A,data/nt,17,sasm,274,200,37.0000
N1A,data/nt,17,bfs,262,200,31.0000
N1A,data/nt,17,sc,262,200,31.0000
N1A,data/nt,17,scr,263,200,31.5000
N1A,data/nt,17,fh,239,200,19.5000
N1B,data/nt,17,bf-LM,235,200,17.5000
N1B,data/nt,17,bf-TN,224,200,12.0000
N1B,data/nt,17,bf-SN,227,200,13.5000
N1B,data/nt,17,bbf-best288,218,200,9.0000
N1B,data/nt,17,twbf-best18,220,200,10.0000
N1B,data/nt,17,ish-core,211,200,5.5000
N1B,data/nt,17,sh-greedy,244,200,22.0000
N1B,data/nt,17,ffdh,290,200,45.0000
N1B,data/nt,17,bfdh,290,200,45.0000
N1B,data/nt,17,sas,343,200,71.5000
N1B,data/nt,17,sasm,337,200,68.5000
N1B,data/nt,17,bfs,243,200,21.5000
N1B,data/nt,17,sc,254,200,27.0000
N1B,data/nt,17,scr,258,200,29.0000
N1B,data/nt,17,fh,222,200,11.0000
N1C,data/nt,17,bf-LM,261,200,30.5000
N1C,data/nt,17,bf-TN,230,200,15.0000
N1C,data/nt,17,bf-SN,227,200,13.5000
N1C,data/nt,17,bbf-best288,214,200,7.0000
N1C,data/nt,17,twbf-best18,217,200,8.5000
N1C,data/nt,17,ish-core,200,200,0.0000
N1C,data/nt,17,sh-greedy,231,200,15.5000
N1C,data/nt,17,ffdh,278,200,39.0000
N1C,data/nt,17,bfdh,278,200,39.0000
N1C,data/nt,17,sas,328,200,64.0000
N1C,data/nt,17,sasm,286,200,43.0000
N1C,data/nt,17,bfs,278,200,39.0000
N1C,data/nt,17,sc,278,200,39.0000
N1C,data/nt,17,scr,278,200,39.0000
N1C,data/nt,17,fh,230,200,15.0000
N1D,data/nt,17,bf-LM,213,200,6.5000
N1D,data/nt,17,bf-TN,213,200,6.5000
N1D,data/nt,17,bf-SN,231,200,15.5000
N1D,data/nt,17,bbf-best288,213,200,6.5000
N1D,data/nt,17,twbf-best18,213,200,6.5000
N1D,data/nt,17,ish-core,247,200,23.5000
N1D,data/nt,17,sh-greedy,228,200,14.0000
N1D,data/nt,17,ffdh,272,200,36.0000
N1D,data/nt,17,bfdh,272,200,36.0000
N1D,data/nt,17,sas,297,200,48.5000
N1D,data/nt,17,sasm,297,200,48.5000
N1D,data/nt,17,bfs,235,200,17.5000
N1D,data/nt,17,sc,235,200,17.5000
N1D,data/nt,17,scr,242,200,21.0000
N1D,data/nt,17,fh,213,200,6.5000
N1E,data/nt,17,bf-LM,232,200,16.0000
N1E,data/nt,17,bf-TN,220,200,10.0000
N1E,data/nt,17,bf-SN,232,200,16.0000
N1E,data/nt,17,bbf-best288,216,200,8.0000
N1E,data/nt,17,twbf-best18,220,200,10.0000
N1E,data/nt,17,ish-core,223,200,11.5000
N1E,data/nt,17,sh-greedy,227,200,13.5000
N1E,data/nt,17,ffdh,238,200,19.0000
N1E,data/nt,17,bfdh,249,200,24.5000
N1E,data/nt,17,sas,258,200,29.0000
N1E,data/nt,17,sasm,258,200,29.0000
N1E,data/nt,17,bfs,240,200,20.0000
N1E,data/nt,17,sc,230,200,15.0000
N1E,data/nt,17,scr,230,200,15.0000
N1E,data/nt,17,fh,216,200,8.0000
N2A,data/nt,25,bf-LM,236,200,18.0000
N2A,data/nt,25,bf-TN,239,200,19.5000
N2A,data/nt,25,bf-SN,247,200,23.5000
N2A,data/nt,25,bbf-best288,213,200,6.5000
N2A,data/nt,25,twbf-best18,216,200,8.0000
N2A,data/nt,25,ish-core,222,200,11.0000
N2A,data/nt,25,sh-greedy,236,200,18.0000
N2A,data/nt,25,ffdh,282,200,41.0000
N2A,data/nt,25,bfdh,282,200,41.0000
N2A,data/nt,25,sas,267,200,33.5000
N2A,data/nt,25,sasm,264,200,32.0000
N2A,data/nt,25,bfs,234,200,17.0000
N2A,data/nt,25,sc,228,200,14.0000
N2A,data/nt,25,scr,238,200,19.0000
N2A,data/nt,25,fh,215,200,7.5000
N2B,data/nt,25,bf-LM,230,200,15.0000
N2B,data/nt,25,bf-TN,223,200,11.5000
N2B,data/nt,25,bf-SN,232,200,16.0000
N2B,data/nt,25,bbf-best288,217,200,8.5000
N2B,data/nt,25,twbf-best18,215,200,7.5000
N2B,data/nt,25,ish-core,220,200,10.0000
N2B,data/nt,25,sh-greedy,238,200,19.0000
N2B,data/nt,25,ffdh,261,200,30.5000
N2B,data/nt,25,bfdh,271,200,35.5000
N2B,data/nt,25,sas,277,200,38.5000
N2B,data/nt,25,sasm,277,200,38.5000
N2B,data/nt,25,bfs,233,200,16.5000
N2B,data/nt,25,sc,233,200,16.5000
N2B,data/nt,25,scr,261,200,30.5000
N2B,data/nt,25,fh,212,200,6.0000
N2C,data/nt,25,bf-LM,237,200,18.5000
N2C,data/nt,25,bf-TN,216,200,8.0000
N2C,data/nt,25,bf-SN,239,200,19.5000
N2C,data/nt,25,bbf-best288,216,200,8.0000
N2C,data/nt,25,twbf-best18,216,200,8.0000
N2C,data/nt,25,ish-core,229,200,14.5000
N2C,data/nt,25,sh-greedy,258,200,29.0000
N2C,data/nt,25,ffdh,263,200,31.5000
N2C,data/nt,25,bfdh,265,200,32.5000
N2C,data/nt,25,sas,271,200,35.5000
N2C,data/nt,25,sasm,271,200,35.5000
N2C,data/nt,25,bfs,263,200,31.5000
N2C,data/nt,25,sc,249,200,24.5000
N2C,data/nt,25,scr,249,200,24.5000
N2C,data/nt,25,fh,212,200,6.0000
N2D,data/nt,25,bf-LM,219,200,9.5000
N2D,data/nt,25,bf-TN,220,200,10.0000
N2D,data/nt,25,bf-SN,224,200,12.0000
N2D,data/nt,25,bbf-best288,214,200,7.0000
N2D,data/nt,25,twbf-best18,213,200,6.5000
N2D,data/nt,25,ish-core,221,200,10.5000
N2D,data/nt,25,sh-greedy,247,200,23.5000
N2D,data/nt,25,ffdh,257,200,28.5000
N2D,data/nt,25,bfdh,257,200,28.5000
N2D,data/nt,25,sas,284,200,42.0000
N2D,data/nt,25,sasm,284,200,42.0000
N2D,data/nt,25,bfs,235,200,17.5000
N2D,data/nt,25,sc,235,200,17.5000
N2D,data/nt,25,scr,257,200,28.5000
N2D,data/nt,25,fh,213,200,6.5000
N2E,data/nt,25,bf-LM,222,200,11.0000
N2E,data/nt,25,bf-TN,218,200,9.0000
N2E,data/nt,25,bf-SN,235,200,17.5000
N2E,data/nt,25,bbf-best288,216,200,8.0000
N2E,data/nt,25,twbf-best18,218,200,9.0000
N2E,data/nt,25,ish-core,214,200,7.0000
N2E,data/nt,25,sh-greedy,223,200,11.5000
N2E,data/nt,25,ffdh,268,200,34.0000
N2E,data/nt,25,bfdh,268,200,34.0000
N2E,data/nt,25,sas,272,200,36.0000
N2E,data/nt,25,sasm,265,200,32.5000
N2E,data/nt,25,bfs,247,200,23.5000
N2E,data/nt,25,sc,242,200,21.0000
N2E,data/nt,25,scr,233,200,16.5000
N2E,data/nt,25,fh,224,200,12.0000
N3A,data/nt,29,bf-LM,215,200,7.5000
N3A,data/nt,29,bf-TN,218,200,9.0000
N3A,data/nt,29,bf-SN,217,200,8.5000
N3A,data/nt,29,bbf-best288,216,200,8.0000
N3A,data/nt,29,twbf-best18,213,200,6.5000
N3A,data/nt,29,ish-core,223,200,11.5000
N3A,data/nt,29,sh-greedy,248,200,24.0000
N3A,data/nt,29,ffdh,263,200,31.5000
N3A,data/nt,29,bfdh,272,200,36.0000
N3A,data/nt,29,sas,304,200,52.0000
N3A,data/nt,29,sasm,284,200,42.0000
N3A,data/nt,29,bfs,244,200,22.0000
N3A,data/nt,29,sc,244,200,22.0000
N3A,data/nt,29,scr,244,200,22.0000
N3A,data/nt,29,fh,216,200,8.0000
N3B,data/nt,29,bf-LM,217,200,8.5000
N3B,data/nt,29,bf-TN,229,200,14.5000
N3B,data/nt,29,bf-SN,217,200,8.5000
N3B,data/nt,29,bbf-best288,213,200,6.5000
N3B,data/nt,29,twbf-best18,217,200,8.5000
N3B,data/nt,29,ish-core,215,200,7.5000
N3B,data/nt,29,sh-greedy,270,200,35.0000
N3B,data/nt,29,ffdh,266,200,33.0000
N3B,data/nt,29,bfdh,271,200,35.5000
N3B,data/nt,29,sas,304,200,52.0000
N3B,data/nt,29,sasm,237,200,18.5000
N3B,data/nt,29,bfs,237,200,18.5000
N3B,data/nt,29,sc,237,200,18.5000
N3B,data/nt,29,scr,266,200,33.0000
N3B,data/nt,29,fh,212,200,6.0000
N3C,data/nt,29,bf-LM,229,200,14.5000
N3C,data/nt,29,bf-TN,214,200,7.0000
N3C,data/nt,29,bf-SN,226,200,13.0000
N3C,data/nt,29,bbf-best288,214,200,7.0000
N3C,data/nt,29,twbf-best18,214,200,7.0000
N3C,data/nt,29,ish-core,220,200,10.0000
N3C,data/nt,29,sh-greedy,238,200,19.0000
N3C,data/nt,29,ffdh,274,200,37.0000
N3C,data/nt,29,bfdh,282,200,41.0000
N3C,data/nt,29,sas,274,200,37.0000
N3C,data/nt,29,sasm,274,200,37.0000
N3C,data/nt,29,bfs,260,200,30.0000
N3C,data/nt,29,sc,253,200,26.5000
N3C,data/nt,29,scr,255,200,27.5000
N3C,data/nt,29,fh,212,200,6.0000
N3D,data/nt,29,bf-LM,230,200,15.0000
N3D,data/nt,29,bf-TN,214,200,7.0000
N3D,data/nt,29,bf-SN,226,200,13.0000
N3D,data/nt,29,bbf-best288,214,200,7.0000
N3D,data/nt,29,twbf-best18,214,200,7.0000
N3D,data/nt,29,ish-core,222,200,11.0000
N3D,data/nt,29,sh-greedy,246,200,23.0000
N3D,data/nt,29,ffdh,299,200,49.5000
N3D,data/nt,29,bfdh,299,200,49.5000
N3D,data/nt,29,sas,313,200,56.5000
N3D,data/nt,29,sasm,265,200,32.5000
N3D,data/nt,29,bfs,256,200,28.0000
N3D,data/nt,29,sc,256,200,28.0000
N3D,data/nt,29,scr,239,200,19.5000
N3D,data/nt,29,fh,216,200,8.0000
N3E,data/nt,29,bf-LM,214,200,7.0000
N3E,data/nt,29,bf-TN,214,200,7.0000
N3E,data/nt,29,bf-SN,219,200,9.5000
N3E,data/nt,29,bbf-best288,210,200,5.0000
N3E,data/nt,29,twbf-best18,214,200,7.0000
N3E,data/nt,29,ish-core,223,200,11.5000
N3E,data/nt,29,sh-greedy,231,200,15.5000
N3E,data/nt,29,ffdh,266,200,33.0000
N3E,data/nt,29,bfdh,268,200,34.0000
N3E,data/nt,29,sas,268,200,34.0000
N3E,data/nt,29,sasm,266,200,33.0000
N3E,data/nt,29,bfs,235,200,17.5000
N3E,data/nt,29,sc,247,200,23.5000
N3E,data/nt,29,scr,246,200,23.0000
N3E,data/nt,29,fh,211,200,5.5000
N4A,data/nt,49,bf-LM,223,200,11.5000
N4A,data/nt,49,bf-TN,219,200,9.5000
N4A,data/nt,49,bf-SN,217,200,8.5000
N4A,data/nt,49,bbf-best288,207,200,3.5000
N4A,data/nt,49,twbf-best18,213,200,6.5000
N4A,data/nt,49,ish-core,214,200,7.0000
N4A,data/nt,49,sh-greedy,231,200,15.5000
N4A,data/nt,49,ffdh,237,200,18.5000
N4A,data/nt,49,bfdh,237,200,18.5000
N4A,data/nt,49,sas,285,200,42.5000
N4A,data/nt,49,sasm,243,200,21.5000
N4A,data/nt,49,bfs,233,200,16.5000
N4A,data/nt,49,sc,224,200,12.0000
N4A,data/nt,49,scr,224,200,12.0000
N4A,data/nt,49,fh,213,200,6.5000
N4B,data/nt,49,bf-LM,213,200,6.5000
N4B,data/nt,49,bf-TN,213,200,6.5000
N4B,data/nt,49,bf-SN,217,200,8.5000
N4B,data/nt,49,bbf-best288,211,200,5.5000
N4B,data/nt,49,twbf-best18,213,200,6.5000
N4B,data/nt,49,ish-core,218,200,9.0000
N4B,data/nt,49,sh-greedy,243,200,21.5000
N4B,data/nt,49,ffdh,265,200,32.5000
N4B,data/nt,49,bfdh,267,200,33.5000
N4B,data/nt,49,sas,281,200,40.5000
N4B,data/nt,49,sasm,272,200,36.0000
N4B,data/nt,49,bfs,237,200,18.5000
N4B,data/nt,49,sc,230,200,15.0000
N4B,data/nt,49,scr,230,200,15.0000
N4B,data/nt,49,fh,213,200,6.5000
N4C,data/nt,49,bf-LM,214,200,7.0000
N4C,data/nt,49,bf-TN,211,200,5.5000
N4C,data/nt,49,bf-SN,228,200,14.0000
N4C,data/nt,49,bbf-best288,209,200,4.5000
N4C,data/nt,49,twbf-best18,211,200,5.5000
N4C,data/nt,49,ish-core,208,200,4.0000
N4C,data/nt,49,sh-greedy,235,200,17.5000
N4C,data/nt,49,ffdh,262,200,31.0000
N4C,data/nt,49,bfdh,263,200,31.5000
N4C,data/nt,49,sas,282,200,41.0000
N4C,data/nt,49,sasm,256,200,28.0000
N4C,data/nt,49,bfs,229,200,14.5000
N4C,data/nt,49,sc,226,200,13.0000
N4C,data/nt,49,scr,227,200,13.5000
N4C,data/nt,49,fh,210,200,5.0000
N4D,data/nt,49,bf-LM,208,200,4.0000
N4D,data/nt,49,bf-TN,210,200,5.0000
N4D,data/nt,49,bf-SN,218,200,9.0000
N4D,data/nt,49,bbf-best288,208,200,4.0000
N4D,data/nt,49,twbf-best18,207,200,3.5000
N4D,data/nt,49,ish-core,214,200,7.0000
N4D,data/nt,49,sh-greedy,240,200,20.0000
N4D,data/nt,49,ffdh,256,200,28.0000
N4D,data/nt,49,bfdh,260,200,30.0000
N4D,data/nt,49,sas,274,200,37.0000
N4D,data/nt,49,sasm,241,200,20.5000
N4D,data/nt,49,bfs,226,200,13.0000
N4D,data/nt,49,sc,221,200,10.5000
N4D,data/nt,49,scr,240,200,20.0000
N4D,data/nt,49,fh,211,200,5.5000
N4E,data/nt,49,bf-LM,216,200,8.0000
N4E,data/nt,49,bf-TN,209,200,4.5000
N4E,data/nt,49,bf-SN,221,200,10.5000
N4E,data/nt,49,bbf-best288,210,200,5.0000
N4E,data/nt,49,twbf-best18,209,200,4.5000
N4E,data/nt,49,ish-core,216,200,8.0000
N4E,data/nt,49,sh-greedy,235,200,17.5000
N4E,data/nt,49,ffdh,267,200,33.5000
N4E,data/nt,49,bfdh,270,200,35.0000
N4E,data/nt,49,sas,286,200,43.0000
N4E,data/nt,49,sasm,248,200,24.0000
N4E,data/nt,49,bfs,232,200,16.0000
N4E,data/nt,49,sc,234,200,17.0000
N4E,data/nt,49,scr,235,200,17.5000
N4E,data/nt,49,fh,209,200,4.5000
N5A,data/nt,73,bf-LM,213,200,6.5000
N5A,data/nt,73,bf-TN,213,200,6.5000
N5A,data/nt,73,bf-SN,210,200,5.0000
N5A,data/nt,73,bbf-best288,211,200,5.5000
N5A,data/nt,73,twbf-best18,210,200,5.0000
N5A,data/nt,73,ish-core,216,200,8.0000
N5A,data/nt,73,sh-greedy,250,200,25.0000
N5A,data/nt,73,ffdh,259,200,29.5000
N5A,data/nt,73,bfdh,268,200,34.0000
N5A,data/nt,73,sas,269,200,34.5000
N5A,data/nt,73,sasm,253,200,26.5000
N5A,data/nt,73,bfs,236,200,18.0000
N5A,data/nt,73,sc,225,200,12.5000
N5A,data/nt,73,scr,224,200,12.0000
N5A,data/nt,73,fh,208,200,4.0000
N5B,data/nt,73,bf-LM,209,200,4.5000
N5B,data/nt,73,bf-TN,207,200,3.5000
N5B,data/nt,73,bf-SN,212,200,6.0000
N5B,data/nt,73,bbf-best288,207,200,3.5000
N5B,data/nt,73,twbf-best18,207,200,3.5000
N5B,data/nt,73,ish-core,216,200,8.0000
N5B,data/nt,73,sh-greedy,231,200,15.5000
N5B,data/nt,73,ffdh,249,200,24.5000
N5B,data/nt,73,bfdh,253,200,26.5000
N5B,data/nt,73,sas,267,200,33.5000
N5B,data/nt,73,sasm,243,200,21.5000
N5B,data/nt,73,bfs,223,200,11.5000
N5B,data/nt,73,sc,218,200,9.0000
N5B,data/nt,73,scr,226,200,13.0000
N5B,data/nt,73,fh,206,200,3.0000
N5C,data/nt,73,bf-LM,218,200,9.0000
N5C,data/nt,73,bf-TN,216,200,8.0000
N5C,data/nt,73,bf-SN,214,200,7.0000
N5C,data/nt,73,bbf-best288,209,200,4.5000
N5C,data/nt,73,twbf-best18,209,200,4.5000
N5C,data/nt,73,ish-core,212,200,6.0000
N5C,data/nt,73,sh-greedy,247,200,23.5000
N5C,data/nt,73,ffdh,259,200,29.5000
N5C,data/nt,73,bfdh,265,200,32.5000
N5C,data/nt,73,sas,259,200,29.5000
N5C,data/nt,73,sasm,259,200,29.5000
N5C,data/nt,73,bfs,228,200,14.0000
N5C,data/nt,73,sc,225,200,12.5000
N5C,data/nt,73,scr,225,200,12.5000
N5C,data/nt,73,fh,206,200,3.0000
N5D,data/nt,73,bf-LM,213,200,6.5000
N5D,data/nt,73,bf-TN,216,200,8.0000
N5D,data/nt,73,bf-SN,222,200,11.0000
N5D,data/nt,73,bbf-best288,210,200,5.0000
N5D,data/nt,73,twbf-best18,213,200,6.5000
N5D,data/nt,73,ish-core,211,200,5.5000
N5D,data/nt,73,sh-greedy,231,200,15.5000
N5D,data/nt,73,ffdh,248,200,24.0000
N5D,data/nt,73,bfdh,248,200,24.0000
N5D,data/nt,73,sas,261,200,30.5000
N5D,data/nt,73,sasm,243,200,21.5000
N5D,data/nt,73,bfs,228,200,14.0000
N5D,data/nt,73,sc,226,200,13.0000
N5D,data/nt,73,scr,228,200,14.0000
N5D,data/nt,73,fh,206,200,3.0000
N5E,data/nt,73,bf-LM,212,200,6.0000
N5E,data/nt,73,bf-TN,213,200,6.5000
N5E,data/nt,73,bf-SN,212,200,6.0000
N5E,data/nt,73,bbf-best288,211,200,5.5000
N5E,data/nt,73,twbf-best18,209,200,4.5000
N5E,data/nt,73,ish-core,212,200,6.0000
N5E,data/nt,73,sh-greedy,243,200,21.5000
N5E,data/nt,73,ffdh,267,200,33.5000
N5E,data/nt,73,bfdh,277,200,38.5000
N5E,data/nt,73,sas,293,200,46.5000
N5E,data/nt,73,sasm,256,200,28.0000
N5E,data/nt,73,bfs,230,200,15.0000
N5E,data/nt,73,sc,227,200,13.5000
N5E,data/nt,73,scr,226,200,13.0000
N5E,data/nt,73,fh,207,200,3.5000
N6A,data/nt,97,bf-LM,211,200,5.5000
N6A,data/nt,97,bf-TN,211,200,5.5000
N6A,data/nt,97,bf-SN,210,200,5.0000
N6A,data/nt,97,bbf-best288,208,200,4.0000
N6A,data/nt,97,twbf-best18,208,200,4.0000
N6A,data/nt,97,ish-core,208,200,4.0000
N6A,data/nt,97,sh-greedy,232,200,16.0000
N6A,data/nt,97,ffdh,241,200,20.5000
N6A,data/nt,97,bfdh,242,200,21.0000
N6A,data/nt,97,sas,262,200,31.0000
N6A,data/nt,97,sasm,255,200,27.5000
N6A,data/nt,97,bfs,226,200,13.0000
N6A,data/nt,97,sc,219,200,9.5000
N6A,data/nt,97,scr,219,200,9.5000
N6A,data/nt,97,fh,204,200,2.0000
N6B,data/nt,97,bf-LM,215,200,7.5000
N6B,data/nt,97,bf-TN,208,200,4.0000
N6B,data/nt,97,bf-SN,211,200,5.5000
N6B,data/nt,97,bbf-best288,207,200,3.5000
N6B,data/nt,97,twbf-best18,208,200,4.0000
N6B,data/nt,97,ish-core,210,200,5.0000
N6B,data/nt,97,sh-greedy,230,200,15.0000
N6B,data/nt,97,ffdh,267,200,33.5000
N6B,data/nt,97,bfdh,269,200,34.5000
N6B,data/nt,97,sas,280,200,40.0000
N6B,data/nt,97,sasm,232,200,16.0000
N6B,data/nt,97,bfs,228,200,14.0000
N6B,data/nt,97,sc,223,200,11.5000
N6B,data/nt,97,scr,231,200,15.5000
N6B,data/nt,97,fh,204,200,2.0000
N6C,data/nt,97,bf-LM,215,200,7.5000
N6C,data/nt,97,bf-TN,213,200,6.5000
N6C,data/nt,97,bf-SN,215,200,7.5000
N6C,data/nt,97,bbf-best288,209,200,4.5000
N6C,data/nt,97,twbf-best18,206,200,3.0000
N6C,data/nt,97,ish-core,209,200,4.5000
N6C,data/nt,97,sh-greedy,231,200,15.5000
N6C,data/nt,97,ffdh,250,200,25.0000
N6C,data/nt,97,bfdh,252,200,26.0000
N6C,data/nt,97,sas,278,200,39.0000
N6C,data/nt,97,sasm,264,200,32.0000
N6C,data/nt,97,bfs,227,200,13.5000
N6C,data/nt,97,sc,216,200,8.0000
N6C,data/nt,97,scr,227,200,13.5000
N6C,data/nt,97,fh,202,200,1.0000
N6D,data/nt,97,bf-LM,207,200,3.5000
N6D,data/nt,97,bf-TN,206,200,3.0000
N6D,data/nt,97,bf-SN,207,200,3.5000
N6D,data/nt,97,bbf-best288,206,200,3.0000
N6D,data/nt,97,twbf-best18,206,200,3.0000
N6D,data/nt,97,ish-core,209,200,4.5000
N6D,data/nt,97,sh-greedy,239,200,19.5000
N6D,data/nt,97,ffdh,256,200,28.0000
N6D,data/nt,97,bfdh,262,200,31.0000
N6D,data/nt,97,sas,269,200,34.5000
N6D,data/nt,97,sasm,237,200,18.5000
N6D,data/nt,97,bfs,227,200,13.5000
N6D,data/nt,97,sc,223,200,11.5000
N6D,data/nt,97,scr,225,200,12.5000
N6D,data/nt,97,fh,202,200,1.0000
N6E,data/nt,97,bf-LM,217,200,8.5000
N6E,data/nt,97,bf-TN,212,200,6.0000
N6E,data/nt,97,bf-SN,213,200,6.5000
N6E,data/nt,97,bbf-best288,207,200,3.5000
N6E,data/nt,97,twbf-best18,211,200,5.5000
N6E,data/nt,97,ish-core,209,200,4.5000
N6E,data/nt,97,sh-greedy,236,200,18.0000
N6E,data/nt,97,ffdh,267,200,33.5000
N6E,data/nt,97,bfdh,267,200,33.5000
N6E,data/nt,97,sas,265,200,32.5000
N6E,data/nt,97,sasm,241,200,20.5000
N6E,data/nt,97,bfs,222,200,11.0000
N6E,data/nt,97,sc,228,200,14.0000
N6E,data/nt,97,scr,224,200,12.0000
N6E,data/nt,97,fh,205,200,2.5000
N7A,data/nt,197,bf-LM,205,200,2.5000
N7A,data/nt,197,bf-TN,204,200,2.0000
N7A,data/nt,197,bf-SN,203,200,1.5000
N7A,data/nt,197,bbf-best288,202,200,1.0000
N7A,data/nt,197,twbf-best18,203,200,1.5000
N7A,data/nt,197,ish-core,205,200,2.5000
N7A,data/nt,197,sh-greedy,215,200,7.5000
N7A,data/nt,197,ffdh,238,200,19.0000
N7A,data/nt,197,bfdh,241,200,20.5000
N7A,data/nt,197,sas,245,200,22.5000
N7A,data/nt,197,sasm,243,200,21.5000
N7A,data/nt,197,bfs,208,200,4.0000
N7A,data/nt,197,sc,211,200,5.5000
N7A,data/nt,197,scr,212,200,6.0000
N7A,data/nt,197,fh,201,200,0.5000
N7B,data/nt,197,bf-LM,205,200,2.5000
N7B,data/nt,197,bf-TN,205,200,2.5000
N7B,data/nt,197,bf-SN,204,200,2.0000
N7B,data/nt,197,bbf-best288,204,200,2.0000
N7B,data/nt,197,twbf-best18,203,200,1.5000
N7B,data/nt,197,ish-core,207,200,3.5000
N7B,data/nt,197,sh-greedy,222,200,11.0000
N7B,data/nt,197,ffdh,239,200,19.5000
N7B,data/nt,197,bfdh,242,200,21.0000
N7B,data/nt,197,sas,258,200,29.0000
N7B,data/nt,197,sasm,239,200,19.5000
N7B,data/nt,197,bfs,216,200,8.0000
N7B,data/nt,197,sc,208,200,4.0000
N7B,data/nt,197,scr,211,200,5.5000
N7B,data/nt,197,fh,201,200,0.5000
N7C,data/nt,197,bf-LM,209,200,4.5000
N7C,data/nt,197,bf-TN,211,200,5.5000
N7C,data/nt,197,bf-SN,207,200,3.5000
N7C,data/nt,197,bbf-best288,205,200,2.5000
N7C,data/nt,197,twbf-best18,205,200,2.5000
N7C,data/nt,197,ish-core,204,200,2.0000
N7C,data/nt,197,sh-greedy,219,200,9.5000
N7C,data/nt,197,ffdh,241,200,20.5000
N7C,data/nt,197,bfdh,244,200,22.0000
N7C,data/nt,197,sas,251,200,25.5000
N7C,data/nt,197,sasm,236,200,18.0000
N7C,data/nt,197,bfs,208,200,4.0000
N7C,data/nt,197,sc,211,200,5.5000
N7C,data/nt,197,scr,209,200,4.5000
N7C,data/nt,197,fh,201,200,0.5000
N7D,data/nt,197,bf-LM,204,200,2.0000
N7D,data/nt,197,bf-TN,206,200,3.0000
N7D,data/nt,197,bf-SN,207,200,3.5000
N7D,data/nt,197,bbf-best288,202,200,1.0000
N7D,data/nt,197,twbf-best18,204,200,2.0000
N7D,data/nt,197,ish-core,206,200,3.0000
N7D,data/nt,197,sh-greedy,221,200,10.5000
N7D,data/nt,197,ffdh,251,200,25.5000
N7D,data/nt,197,bfdh,255,200,27.5000
N7D,data/nt,197,sas,258,200,29.0000
N7D,data/nt,197,sasm,234,200,17.0000
N7D,data/nt,197,bfs,214,200,7.0000
N7D,data/nt,197,sc,210,200,5.0000
N7D,data/nt,197,scr,213,200,6.5000
N7D,data/nt,197,fh,201,200,0.5000
N7E,data/nt,197,bf-LM,205,200,2.5000
N7E,data/nt,197,bf-TN,205,200,2.5000
N7E,data/nt,197,bf-SN,209,200,4.5000
N7E,data/nt,197,bbf-best288,204,200,2.0000
N7E,data/nt,197,twbf-best18,205,200,2.5000
N7E,data/nt,197,ish-core,204,200,2.0000
N7E,data/nt,197,sh-greedy,216,200,8.0000
N7E,data/nt,197,ffdh,271,200,35.5000
N7E,data/nt,197,bfdh,273,200,36.5000
N7E,data/nt,197,sas,252,200,26.0000
N7E,data/nt,197,sasm,228,200,14.0000
N7E,data/nt,197,bfs,220,200,10.0000
N7E,data/nt,197,sc,224,200,12.0000
N7E,data/nt,197,scr,216,200,8.0000
N7E,data/nt,197,fh,201,200,0.5000
T1A,data/nt,17,bf-LM,239,200,19.5000
T1A,data/nt,17,bf-TN,232,200,16.0000
T1A,data/nt,17,bf-SN,231,200,15.5000
T1A,data/nt,17,bbf-best288,222,200,11.0000
T1A,data/nt,17,twbf-best18,214,200,7.0000
T1A,data/nt,17,ish-core,224,200,12.0000
T1A,data/nt,17,sh-greedy,266,200,33.0000
T1A,data/nt,17,ffdh,300,200,50.0000
T1A,data/nt,17,bfdh,311,200,55.5000
T1A,data/nt,17,sas,306,200,53.0000
T1A,data/nt,17,sasm,281,200,40.5000
T1A,data/nt,17,bfs,276,200,38.0000
T1A,data/nt,17,sc,300,200,50.0000
T1A,data/nt,17,scr,300,200,50.0000
T1A,data/nt,17,fh,224,200,12.0000
T1B,data/nt,17,bf-LM,213,200,6.5000
T1B,data/nt,17,bf-TN,213,200,6.5000
T1B,data/nt,17,bf-SN,231,200,15.5000
T1B,data/nt,17,bbf-best288,213,200,6.5000
T1B,data/nt,17,twbf-best18,213,200,6.5000
T1B,data/nt,17,ish-core,247,200,23.5000
T1B,data/nt,17,sh-greedy,228,200,14.0000
T1B,data/nt,17,ffdh,272,200,36.0000
T1B,data/nt,17,bfdh,272,200,36.0000
T1B,data/nt,17,sas,297,200,48.5000
T1B,data/nt,17,sasm,297,200,48.5000
T1B,data/nt,17,bfs,235,200,17.5000
T1B,data/nt,17,sc,235,200,17.5000
T1B,data/nt,17,scr,242,200,21.0000
T1B,data/nt,17,fh,213,200,6.5000
T1C,data/nt,17,bf-LM,251,200,25.5000
T1C,data/nt,17,bf-TN,241,200,20.5000
T1C,data/nt,17,bf-SN,245,200,22.5000
T1C,data/nt,17,bbf-best288,227,200,13.5000
T1C,data/nt,17,twbf-best18,241,200,20.5000
T1C,data/nt,17,ish-core,241,200,20.5000
T1C,data/nt,17,sh-greedy,236,200,18.0000
T1C,data/nt,17,ffdh,305,200,52.5000
T1C,data/nt,17,bfdh,305,200,52.5000
T1C,data/nt,17,sas,282,200,41.0000
T1C,data/nt,17,sasm,279,200,39.5000
T1C,data/nt,17,bfs,305,200,52.5000
T1C,data/nt,17,sc,305,200,52.5000
T1C,data/nt,17,scr,305,200,52.5000
T1C,data/nt,17,fh,246,200,23.0000
T1D,data/nt,17,bf-LM,210,200,5.0000
T1D,data/nt,17,bf-TN,216,200,8.0000
T1D,data/nt,17,bf-SN,216,200,8.0000
T1D,data/nt,17,bbf-best288,210,200,5.0000
T1D,data/nt,17,twbf-best18,210,200,5.0000
T1D,data/nt,17,ish-core,214,200,7.0000
T1D,data/nt,17,sh-greedy,247,200,23.5000
T1D,data/nt,17,ffdh,291,200,45.5000
T1D,data/nt,17,bfdh,291,200,45.5000
T1D,data/nt,17,sas,314,200,57.0000
T1D,data/nt,17,sasm,295,200,47.5000
T1D,data/nt,17,bfs,269,200,34.5000
T1D,data/nt,17,sc,269,200,34.5000
T1D,data/nt,17,scr,269,200,34.5000
T1D,data/nt,17,fh,222,200,11.0000
T1E,data/nt,17,bf-LM,248,200,24.0000
T1E,data/nt,17,bf-TN,243,200,21.5000
T1E,data/nt,17,bf-SN,242,200,21.0000
T1E,data/nt,17,bbf-best288,222,200,11.0000
T1E,data/nt,17,twbf-best18,230,200,15.0000
T1E,data/nt,17,ish-core,232,200,16.0000
T1E,data/nt,17,sh-greedy,247,200,23.5000
T1E,data/nt,17,ffdh,297,200,48.5000
T1E,data/nt,17,bfdh,297,200,48.5000
T1E,data/nt,17,sas,282,200,41.0000
T1E,data/nt,17,sasm,282,200,41.0000
T1E,data/nt,17,bfs,297,200,48.5000
T1E,data/nt,17,sc,297,200,48.5000
T1E,data/nt,17,scr,297,200,48.5000
T1E,data/nt,17,fh,249,200,24.5000
T2A,data/nt,25,bf-LM,226,200,13.0000
T2A,data/nt,25,bf-TN,227,200,13.5000
T2A,data/nt,25,bf-SN,232,200,16.0000
T2A,data/nt,25,bbf-best288,215,200,7.5000
T2A,data/nt,25,twbf-best18,216,200,8.0000
T2A,data/nt,25,ish-core,214,200,7.0000
T2A,data/nt,25,sh-greedy,246,200,23.0000
T2A,data/nt,25,ffdh,278,200,39.0000
T2A,data/nt,25,bfdh,287,200,43.5000
T2A,data/nt,25,sas,283,200,41.5000
T2A,data/nt,25,sasm,283,200,41.5000
T2A,data/nt,25,bfs,259,200,29.5000
T2A,data/nt,25,sc,259,200,29.5000
T2A,data/nt,25,scr,237,200,18.5000
T2A,data/nt,25,fh,218,200,9.0000
T2B,data/nt,25,bf-LM,217,200,8.5000
T2B,data/nt,25,bf-TN,218,200,9.0000
T2B,data/nt,25,bf-SN,218,200,9.0000
T2B,data/nt,25,bbf-best288,218,200,9.0000
T2B,data/nt,25,twbf-best18,214,200,7.0000
T2B,data/nt,25,ish-core,226,200,13.0000
T2B,data/nt,25,sh-greedy,228,200,14.0000
T2B,data/nt,25,ffdh,325,200,62.5000
T2B,data/nt,25,bfdh,337,200,68.5000
T2B,data/nt,25,sas,313,200,56.5000
T2B,data/nt,25,sasm,307,200,53.5000
T2B,data/nt,25,bfs,304,200,52.0000
T2B,data/nt,25,sc,304,200,52.0000
T2B,data/nt,25,scr,304,200,52.0000
T2B,data/nt,25,fh,224,200,12.0000
T2C,data/nt,25,bf-LM,220,200,10.0000
T2C,data/nt,25,bf-TN,243,200,21.5000
T2C,data/nt,25,bf-SN,223,200,11.5000
T2C,data/nt,25,bbf-best288,218,200,9.0000
T2C,data/nt,25,twbf-best18,220,200,10.0000
T2C,data/nt,25,ish-core,216,200,8.0000
T2C,data/nt,25,sh-greedy,266,200,33.0000
T2C,data/nt,25,ffdh,276,200,38.0000
T2C,data/nt,25,bfdh,277,200,38.5000
T2C,data/nt,25,sas,276,200,38.0000
T2C,data/nt,25,sasm,274,200,37.0000
T2C,data/nt,25,bfs,277,200,38.5000
T2C,data/nt,25,sc,255,200,27.5000
T2C,data/nt,25,scr,276,200,38.0000
T2C,data/nt,25,fh,220,200,10.0000
T2D,data/nt,25,bf-LM,222,200,11.0000
T2D,data/nt,25,bf-TN,218,200,9.0000
T2D,data/nt,25,bf-SN,235,200,17.5000
T2D,data/nt,25,bbf-best288,216,200,8.0000
T2D,data/nt,25,twbf-best18,218,200,9.0000
T2D,data/nt,25,ish-core,214,200,7.0000
T2D,data/nt,25,sh-greedy,223,200,11.5000
T2D,data/nt,25,ffdh,268,200,34.0000
T2D,data/nt,25,bfdh,268,200,34.0000
T2D,data/nt,25,sas,272,200,36.0000
T2D,data/nt,25,sasm,265,200,32.5000
T2D,data/nt,25,bfs,247,200,23.5000
T2D,data/nt,25,sc,242,200,21.0000
T2D,data/nt,25,scr,233,200,16.5000
T2D,data/nt,25,fh,224,200,12.0000
T2E,data/nt,25,bf-LM,230,200,15.0000
T2E,data/nt,25,bf-TN,223,200,11.5000
T2E,data/nt,25,bf-SN,232,200,16.0000
T2E,data/nt,25,bbf-best288,217,200,8.5000
T2E,data/nt,25,twbf-best18,215,200,7.5000
T2E,data/nt,25,ish-core,220,200,10.0000
T2E,data/nt,25,sh-greedy,238,200,19.0000
T2E,data/nt,25,ffdh,261,200,30.5000
T2E,data/nt,25,bfdh,271,200,35.5000
T2E,data/nt,25,sas,277,200,38.5000
T2E,data/nt,25,sasm,277,200,38.5000
T2E,data/nt,25,bfs,233,200,16.5000
T2E,data/nt,25,sc,233,200,16.5000
T2E,data/nt,25,scr,261,200,30.5000
T2E,data/nt,25,fh,212,200,6.0000
T3A,data/nt,29,bf-LM,230,200,15.0000
T3A,data/nt,29,bf-TN,214,200,7.0000
T3A,data/nt,29,bf-SN,226,200,13.0000
T3A,data/nt,29,bbf-best288,214,200,7.0000
T3A,data/nt,29,twbf-best18,214,200,7.0000
T3A,data/nt,29,ish-core,222,200,11.0000
T3A,data/nt,29,sh-greedy,246,200,23.0000
T3A,data/nt,29,ffdh,299,200,49.5000
T3A,data/nt,29,bfdh,299,200,49.5000
T3A,data/nt,29,sas,313,200,56.5000
T3A,data/nt,29,sasm,265,200,32.5000
T3A,data/nt,29,bfs,256,200,28.0000
T3A,data/nt,29,sc,256,200,28.0000
T3A,data/nt,29,scr,239,200,19.5000
T3A,data/nt,29,fh,216,200,8.0000
T3B,data/nt,29,bf-LM,228,200,14.0000
T3B,data/nt,29,bf-TN,218,200,9.0000
T3B,data/nt,29,bf-SN,220,200,10.0000
T3B,data/nt,29,bbf-best288,214,200,7.0000
T3B,data/nt,29,twbf-best18,214,200,7.0000
T3B,data/nt,29,ish-core,234,200,17.0000
T3B,data/nt,29,sh-greedy,246,200,23.0000
T3B,data/nt,29,ffdh,313,200,56.5000
T3B,data/nt,29,bfdh,315,200,57.5000
T3B,data/nt,29,sas,302,200,51.0000
T3B,data/nt,29,sasm,301,200,50.5000
T3B,data/nt,29,bfs,264,200,32.0000
T3B,data/nt,29,sc,303,200,51.5000
T3B,data/nt,29,scr,303,200,51.5000
T3B,data/nt,29,fh,211,200,5.5000
T3C,data/nt,29,bf-LM,220,200,10.0000
T3C,data/nt,29,bf-TN,231,200,15.5000
T3C,data/nt,29,bf-SN,230,200,15.0000
T3C,data/nt,29,bbf-best288,216,200,8.0000
T3C,data/nt,29,twbf-best18,212,200,6.0000
T3C,data/nt,29,ish-core,212,200,6.0000
T3C,data/nt,29,sh-greedy,243,200,21.5000
T3C,data/nt,29,ffdh,262,200,31.0000
T3C,data/nt,29,bfdh,268,200,34.0000
T3C,data/nt,29,sas,263,200,31.5000
T3C,data/nt,29,sasm,260,200,30.0000
T3C,data/nt,29,bfs,242,200,21.0000
T3C,data/nt,29,sc,242,200,21.0000
T3C,data/nt,29,scr,249,200,24.5000
T3C,data/nt,29,fh,210,200,5.0000
T3D,data/nt,29,bf-LM,230,200,15.0000
T3D,data/nt,29,bf-TN,215,200,7.5000
T3D,data/nt,29,bf-SN,232,200,16.0000
T3D,data/nt,29,bbf-best288,215,200,7.5000
T3D,data/nt,29,twbf-best18,215,200,7.5000
T3D,data/nt,29,ish-core,220,200,10.0000
T3D,data/nt,29,sh-greedy,252,200,26.0000
T3D,data/nt,29,ffdh,268,200,34.0000
T3D,data/nt,29,bfdh,271,200,35.5000
T3D,data/nt,29,sas,277,200,38.5000
T3D,data/nt,29,sasm,277,200,38.5000
T3D,data/nt,29,bfs,233,200,16.5000
T3D,data/nt,29,sc,233,200,16.5000
T3D,data/nt,29,scr,233,200,16.5000
T3D,data/nt,29,fh,212,200,6.0000
T3E,data/nt,29,bf-LM,217,200,8.5000
T3E,data/nt,29,bf-TN,229,200,14.5000
T3E,data/nt,29,bf-SN,217,200,8.5000
T3E,data/nt,29,bbf-best288,213,200,6.5000
T3E,data/nt,29,twbf-best18,217,200,8.5000
T3E,data/nt,29,ish-core,215,200,7.5000
T3E,data/nt,29,sh-greedy,270,200,35.0000
T3E,data/nt,29,ffdh,266,200,33.0000
T3E,data/nt,29,bfdh,271,200,35.5000
T3E,data/nt,29,sas,304,200,52.0000
T3E,data/nt,29,sasm,237,200,18.5000
T3E,data/nt,29,bfs,237,200,18.5000
T3E,data/nt,29,sc,237,200,18.5000
T3E,data/nt,29,scr,266,200,33.0000
T3E,data/nt,29,fh,212,200,6.0000
T4A,data/nt,49,bf-LM,212,200,6.0000
T4A,data/nt,49,bf-TN,210,200,5.0000
T4A,data/nt,49,bf-SN,217,200,8.5000
T4A,data/nt,49,bbf-best288,207,200,3.5000
T4A,data/nt,49,twbf-best18,210,200,5.0000
T4A,data/nt,49,ish-core,215,200,7.5000
T4A,data/nt,49,sh-greedy,239,200,19.5000
T4A,data/nt,49,ffdh,256,200,28.0000
T4A,data/nt,49,bfdh,260,200,30.0000
T4A,data/nt,49,sas,281,200,40.5000
T4A,data/nt,49,sasm,252,200,26.0000
T4A,data/nt,49,bfs,228,200,14.0000
T4A,data/nt,49,sc,227,200,13.5000
T4A,data/nt,49,scr,226,200,13.0000
T4A,data/nt,49,fh,211,200,5.5000
T4B,data/nt,49,bf-LM,214,200,7.0000
T4B,data/nt,49,bf-TN,211,200,5.5000
T4B,data/nt,49,bf-SN,228,200,14.0000
T4B,data/nt,49,bbf-best288,209,200,4.5000
T4B,data/nt,49,twbf-best18,211,200,5.5000
T4B,data/nt,49,ish-core,208,200,4.0000
T4B,data/nt,49,sh-greedy,235,200,17.5000
T4B,data/nt,49,ffdh,262,200,31.0000
T4B,data/nt,49,bfdh,263,200,31.5000
T4B,data/nt,49,sas,282,200,41.0000
T4B,data/nt,49,sasm,256,200,28.0000
T4B,data/nt,49,bfs,229,200,14.5000
T4B,data/nt,49,sc,226,200,13.0000
T4B,data/nt,49,scr,227,200,13.5000
T4B,data/nt,49,fh,210,200,5.0000
T4C,data/nt,49,bf-LM,208,200,4.0000
T4C,data/nt,49,bf-TN,210,200,5.0000
T4C,data/nt,49,bf-SN,218,200,9.0000
T4C,data/nt,49,bbf-best288,208,200,4.0000
T4C,data/nt,49,twbf-best18,207,200,3.5000
T4C,data/nt,49,ish-core,214,200,7.0000
T4C,data/nt,49,sh-greedy,240,200,20.0000
T4C,data/nt,49,ffdh,256,200,28.0000
T4C,data/nt,49,bfdh,260,200,30.0000
T4C,data/nt,49,sas,274,200,37.0000
T4C,data/nt,49,sasm,241,200,20.5000
T4C,data/nt,49,bfs,226,200,13.0000
T4C,data/nt,49,sc,221,200,10.5000
T4C,data/nt,49,scr,240,200,20.0000
T4C,data/nt,49,fh,211,200,5.5000
T4D,data/nt,49,bf-LM,223,200,11.5000
T4D,data/nt,49,bf-TN,219,200,9.5000
T4D,data/nt,49,bf-SN,217,200,8.5000
T4D,data/nt,49,bbf-best288,207,200,3.5000
T4D,data/nt,49,twbf-best18,213,200,6.5000
T4D,data/nt,49,ish-core,214,200,7.0000
T4D,data/nt,49,sh-greedy,231,200,15.5000
T4D,data/nt,49,ffdh,237,200,18.5000
T4D,data/nt,49,bfdh,237,200,18.5000
T4D,data/nt,49,sas,285,200,42.5000
T4D,data/nt,49,sasm,243,200,21.5000
T4D,data/nt,49,bfs,233,200,16.5000
T4D,data/nt,49,sc,224,200,12.0000
T4D,data/nt,49,scr,224,200,12.0000
T4D,data/nt,49,fh,213,200,6.5000
T4E,data/nt,49,bf-LM,213,200,6.5000
T4E,data/nt,49,bf-TN,213,200,6.5000
T4E,data/nt,49,bf-SN,217,200,8.5000
T4E,data/nt,49,bbf-best288,211,200,5.5000
T4E,data/nt,49,twbf-best18,213,200,6.5000
T4E,data/nt,49,ish-core,218,200,9.0000
T4E,data/nt,49,sh-greedy,243,200,21.5000
T4E,data/nt,49,ffdh,265,200,32.5000
T4E,data/nt,49,bfdh,267,200,33.5000
T4E,data/nt,49,sas,281,200,40.5000
T4E,data/nt,49,sasm,272,200,36.0000
T4E,data/nt,49,bfs,237,200,18.5000
T4E,data/nt,49,sc,230,200,15.0000
T4E,data/nt,49,scr,230,200,15.0000
T4E,data/nt,49,fh,213,200,6.5000
T5A,data/nt,73,bf-LM,218,200,9.0000
T5A,data/nt,73,bf-TN,216,200,8.0000
T5A,data/nt,73,bf-SN,214,200,7.0000
T5A,data/nt,73,bbf-best288,209,200,4.5000
T5A,data/nt,73,twbf-best18,209,200,4.5000
T5A,data/nt,73,ish-core,212,200,6.0000
T5A,data/nt,73,sh-greedy,247,200,23.5000
T5A,data/nt,73,ffdh,259,200,29.5000
T5A,data/nt,73,bfdh,265,200,32.5000
T5A,data/nt,73,sas,259,200,29.5000
T5A,data/nt,73,sasm,259,200,29.5000
T5A,data/nt,73,bfs,228,200,14.0000
T5A,data/nt,73,sc,225,200,12.5000
T5A,data/nt,73,scr,225,200,12.5000
T5A,data/nt,73,fh,206,200,3.0000
T5B,data/nt,73,bf-LM,226,200,13.0000
T5B,data/nt,73,bf-TN,210,200,5.0000
T5B,data/nt,73,bf-SN,211,200,5.5000
T5B,data/nt,73,bbf-best288,210,200,5.0000
T5B,data/nt,73,twbf-best18,210,200,5.0000
T5B,data/nt,73,ish-core,214,200,7.0000
T5B,data/nt,73,sh-greedy,234,200,17.0000
T5B,data/nt,73,ffdh,257,200,28.5000
T5B,data/nt,73,bfdh,261,200,30.5000
T5B,data/nt,73,sas,245,200,22.5000
T5B,data/nt,73,sasm,233,200,16.5000
T5B,data/nt,73,bfs,239,200,19.5000
T5B,data/nt,73,sc,228,200,14.0000
T5B,data/nt,73,scr,236,200,18.0000
T5B,data/nt,73,fh,205,200,2.5000
T5C,data/nt,73,bf-LM,213,200,6.5000
T5C,data/nt,73,bf-TN,213,200,6.5000
T5C,data/nt,73,bf-SN,210,200,5.0000
T5C,data/nt,73,bbf-best288,211,200,5.5000
T5C,data/nt,73,twbf-best18,210,200,5.0000
T5C,data/nt,73,ish-core,216,200,8.0000
T5C,data/nt,73,sh-greedy,250,200,25.0000
T5C,data/nt,73,ffdh,259,200,29.5000
T5C,data/nt,73,bfdh,268,200,34.0000
T5C,data/nt,73,sas,269,200,34.5000
T5C,data/nt,73,sasm,253,200,26.5000
T5C,data/nt,73,bfs,236,200,18.0000
T5C,data/nt,73,sc,225,200,12.5000
T5C,data/nt,73,scr,224,200,12.0000
T5C,data/nt,73,fh,208,200,4.0000
T5D,data/nt,73,bf-LM,213,200,6.5000
T5D,data/nt,73,bf-TN,216,200,8.0000
T5D,data/nt,73,bf-SN,222,200,11.0000
T5D,data/nt,73,bbf-best288,210,200,5.0000
T5D,data/nt,73,twbf-best18,213,200,6.5000
T5D,data/nt,73,ish-core,211,200,5.5000
T5D,data/nt,73,sh-greedy,231,200,15.5000
T5D,data/nt,73,ffdh,248,200,24.0000
T5D,data/nt,73,bfdh,248,200,24.0000
T5D,data/nt,73,sas,261,200,30.5000
T5D,data/nt,73,sasm,243,200,21.5000
T5D,data/nt,73,bfs,228,200,14.0000
T5D,data/nt,73,sc,226,200,13.0000
T5D,data/nt,73,scr,228,200,14.0000
T5D,data/nt,73,fh,206,200,3.0000
T5E,data/nt,73,bf-LM,209,200,4.5000
T5E,data/nt,73,bf-TN,207,200,3.5000
T5E,data/nt,73,bf-SN,212,200,6.0000
T5E,data/nt,73,bbf-best288,207,200,3.5000
T5E,data/nt,73,twbf-best18,207,200,3.5000
T5E,data/nt,73,ish-core,216,200,8.0000
T5E,data/nt,73,sh-greedy,231,200,15.5000
T5E,data/nt,73,ffdh,249,200,24.5000
T5E,data/nt,73,bfdh,253,200,26.5000
T5E,data/nt,73,sas,267,200,33.5000
T5E,data/nt,73,sasm,243,200,21.5000
T5E,data/nt,73,bfs,223,200,11.5000
T5E,data/nt,73,sc,218,200,9.0000
T5E,data/nt,73,scr,226,200,13.0000
T5E,data/nt,73,fh,206,200,3.0000
T6A,data/nt,97,bf-LM,210,200,5.0000
T6A,data/nt,97,bf-TN,208,200,4.0000
T6A,data/nt,97,bf-SN,212,200,6.0000
T6A,data/nt,97,bbf-best288,205,200,2.5000
T6A,data/nt,97,twbf-best18,207,200,3.5000
T6A,data/nt,97,ish-core,211,200,5.5000
T6A,data/nt,97,sh-greedy,220,200,10.0000
T6A,data/nt,97,ffdh,262,200,31.0000
T6A,data/nt,97,bfdh,261,200,30.5000
T6A,data/nt,97,sas,276,200,38.0000
T6A,data/nt,97,sasm,264,200,32.0000
T6A,data/nt,97,bfs,220,200,10.0000
T6A,data/nt,97,sc,216,200,8.0000
T6A,data/nt,97,scr,217,200,8.5000
T6A,data/nt,97,fh,202,200,1.0000
T6B,data/nt,97,bf-LM,215,200,7.5000
T6B,data/nt,97,bf-TN,213,200,6.5000
T6B,data/nt,97,bf-SN,215,200,7.5000
T6B,data/nt,97,bbf-best288,209,200,4.5000
T6B,data/nt,97,twbf-best18,206,200,3.0000
T6B,data/nt,97,ish-core,209,200,4.5000
T6B,data/nt,97,sh-greedy,231,200,15.5000
T6B,data/nt,97,ffdh,250,200,25.0000
T6B,data/nt,97,bfdh,252,200,26.0000
T6B,data/nt,97,sas,278,200,39.0000
T6B,data/nt,97,sasm,264,200,32.0000
T6B,data/nt,97,bfs,227,200,13.5000
T6B,data/nt,97,sc,216,200,8.0000
T6B,data/nt,97,scr,227,200,13.5000
T6B,data/nt,97,fh,202,200,1.0000
T6C,data/nt,97,bf-LM,217,200,8.5000
T6C,data/nt,97,bf-TN,212,200,6.0000
T6C,data/nt,97,bf-SN,213,200,6.5000
T6C,data/nt,97,bbf-best288,207,200,3.5000
T6C,data/nt,97,twbf-best18,211,200,5.5000
T6C,data/nt,97,ish-core,209,200,4.5000
T6C,data/nt,97,sh-greedy,236,200,18.0000
T6C,data/nt,97,ffdh,267,200,33.5000
T6C,data/nt,97,bfdh,267,200,33.5000
T6C,data/nt,97,sas,265,200,32.5000
T6C,data/nt,97,sasm,241,200,20.5000
T6C,data/nt,97,bfs,222,200,11.0000
T6C,data/nt,97,sc,228,200,14.0000
T6C,data/nt,97,scr,224,200,12.0000
T6C,data/nt,97,fh,205,200,2.5000
T6D,data/nt,97,bf-LM,215,200,7.5000
T6D,data/nt,97,bf-TN,208,200,4.0000
T6D,data/nt,97,bf-SN,211,200,5.5000
T6D,data/nt,97,bbf-best288,207,200,3.5000
T6D,data/nt,97,twbf-best18,208,200,4.0000
T6D,data/nt,97,ish-core,210,200,5.0000
T6D,data/nt,97,sh-greedy,230,200,15.0000
T6D,data/nt,97,ffdh,267,200,33.5000
T6D,data/nt,97,bfdh,269,200,34.5000
T6D,data/nt,97,sas,280,200,40.0000
T6D,data/nt,97,sasm,232,200,16.0000
T6D,data/nt,97,bfs,228,200,14.0000
T6D,data/nt,97,sc,223,200,11.5000
T6D,data/nt,97,scr,231,200,15.5000
T6D,data/nt,97,fh,204,200,2.0000
T6E,data/nt,97,bf-LM,210,200,5.0000
T6E,data/nt,97,bf-TN,209,200,4.5000
T6E,data/nt,97,bf-SN,209,200,4.5000
T6E,data/nt,97,bbf-best288,206,200,3.0000
T6E,data/nt,97,twbf-best18,205,200,2.5000
T6E,data/nt,97,ish-core,209,200,4.5000
T6E,data/nt,97,sh-greedy,229,200,14.5000
T6E,data/nt,97,ffdh,271,200,35.5000
T6E,data/nt,97,bfdh,277,200,38.5000
T6E,data/nt,97,sas,278,200,39.0000
T6E,data/nt,97,sasm,233,200,16.5000
T6E,data/nt,97,bfs,219,200,9.5000
T6E,data/nt,97,sc,230,200,15.0000
T6E,data/nt,97,scr,221,200,10.5000
T6E,data/nt,97,fh,202,200,1.0000
T7A,data/nt,199,bf-LM,204,200,2.0000
T7A,data/nt,199,bf-TN,203,200,1.5000
T7A,data/nt,199,bf-SN,208,200,4.0000
T7A,data/nt,199,bbf-best288,203,200,1.5000
T7A,data/nt,199,twbf-best18,203,200,1.5000
T7A,data/nt,199,ish-core,203,200,1.5000
T7A,data/nt,199,sh-greedy,218,200,9.0000
T7A,data/nt,199,ffdh,264,200,32.0000
T7A,data/nt,199,bfdh,266,200,33.0000
T7A,data/nt,199,sas,245,200,22.5000
T7A,data/nt,199,sasm,241,200,20.5000
T7A,data/nt,199,bfs,215,200,7.5000
T7A,data/nt,199,sc,212,200,6.0000
T7A,data/nt,199,scr,213,200,6.5000
T7A,data/nt,199,fh,201,200,0.5000
T7B,data/nt,199,bf-LM,206,200,3.0000
T7B,data/nt,199,bf-TN,206,200,3.0000
T7B,data/nt,199,bf-SN,207,200,3.5000
T7B,data/nt,199,bbf-best288,204,200,2.0000
T7B,data/nt,199,twbf-best18,204,200,2.0000
T7B,data/nt,199,ish-core,206,200,3.0000
T7B,data/nt,199,sh-greedy,232,200,16.0000
T7B,data/nt,199,ffdh,248,200,24.0000
T7B,data/nt,199,bfdh,252,200,26.0000
T7B,data/nt,199,sas,250,200,25.0000
T7B,data/nt,199,sasm,238,200,19.0000
T7B,data/nt,199,bfs,212,200,6.0000
T7B,data/nt,199,sc,211,200,5.5000
T7B,data/nt,199,scr,210,200,5.0000
T7B,data/nt,199,fh,201,200,0.5000
T7C,data/nt,199,bf-LM,206,200,3.0000
T7C,data/nt,199,bf-TN,206,200,3.0000
T7C,data/nt,199,bf-SN,208,200,4.0000
T7C,data/nt,199,bbf-best288,203,200,1.5000
T7C,data/nt,199,twbf-best18,206,200,3.0000
T7C,data/nt,199,ish-core,203,200,1.5000
T7C,data/nt,199,sh-greedy,227,200,13.5000
T7C,data/nt,199,ffdh,264,200,32.0000
T7C,data/nt,199,bfdh,266,200,33.0000
T7C,data/nt,199,sas,248,200,24.0000
T7C,data/nt,199,sasm,233,200,16.5000
T7C,data/nt,199,bfs,223,200,11.5000
T7C,data/nt,199,sc,215,200,7.5000
T7C,data/nt,199,scr,215,200,7.5000
T7C,data/nt,199,fh,201,200,0.5000
T7D,data/nt,199,bf-LM,204,200,2.0000
T7D,data/nt,199,bf-TN,203,200,1.5000
T7D,data/nt,199,bf-SN,205,200,2.5000
T7D,data/nt,199,bbf-best288,203,200,1.5000
T7D,data/nt,199,twbf-best18,203,200,1.5000
T7D,data/nt,199,ish-core,205,200,2.5000
T7D,data/nt,199,sh-greedy,246,200,23.0000
T7D,data/nt,199,ffdh,256,200,28.0000
T7D,data/nt,199,bfdh,259,200,29.5000
T7D,data/nt,199,sas,250,200,25.0000
T7D,data/nt,199,sasm,233,200,16.5000
T7D,data/nt,199,bfs,216,200,8.0000
T7D,data/nt,199,sc,210,200,5.0000
T7D,data/nt,199,scr,214,200,7.0000
T7D,data/nt,199,fh,201,200,0.5000
T7E,data/nt,199,bf-LM,207,200,3.5000
T7E,data/nt,199,bf-TN,208,200,4.0000
T7E,data/nt,199,bf-SN,207,200,3.5000
T7E,data/nt,199,bbf-best288,203,200,1.5000
T7E,data/nt,199,twbf-best18,205,200,2.5000
T7E,data/nt,199,ish-core,205,200,2.5000
T7E,data/nt,199,sh-greedy,229,200,14.5000
T7E,data/nt,199,ffdh,241,200,20.5000
T7E,data/nt,199,bfdh,244,200,22.0000
T7E,data/nt,199,sas,245,200,22.5000
T7E,data/nt,199,sasm,224,200,12.0000
T7E,data/nt,199,bfs,213,200,6.5000
T7E,data/nt,199,sc,211,200,5.5000
T7E,data/nt,199,scr,211,200,5.5000
T7E,data/nt,199,fh,201,200,0.5000
