instance,family,budget_s,gap,packs,cpu_s
C1P1,C,0.2,0.0000,14,0.004
C1P1,C,1.0,0.0000,14,0.003
C1P1,C,5.0,0.0000,14,0.004
C1P1,C,20.0,0.0000,14,0.003
C1P1,C,60.0,0.0000,14,0.003
C1P2,C,0.2,0.0000,29,0.009
C1P2,C,1.0,0.0000,29,0.007
C1P2,C,5.0,0.0000,29,0.007
C1P2,C,20.0,0.0000,29,0.007
C1P2,C,60.0,0.0000,29,0.007
C1P3,C,0.2,0.0000,207,0.047
C1P3,C,1.0,0.0000,207,0.047
C1P3,C,5.0,0.0000,207,0.047
C1P3,C,20.0,0.0000,207,0.047
C1P3,C,60.0,0.0000,207,0.047
C2P1,C,0.2,6.6667,451,0.200
C2P1,C,1.0,6.6667,2215,1.000
C2P1,C,5.0,0.0000,4154,1.891
C2P1,C,20.0,0.0000,4154,1.863
C2P1,C,60.0,0.0000,4154,1.864
C2P2,C,0.2,0.0000,137,0.061
C2P2,C,1.0,0.0000,137,0.061
C2P2,C,5.0,0.0000,137,0.060
C2P2,C,20.0,0.0000,137,0.060
C2P2,C,60.0,0.0000,137,0.060
C2P3,C,0.2,0.0000,4,0.002
C2P3,C,1.0,0.0000,4,0.002
C2P3,C,5.0,0.0000,4,0.002
C2P3,C,20.0,0.0000,4,0.002
C2P3,C,60.0,0.0000,4,0.002
C3P1,C,0.2,6.6667,361,0.200
C3P1,C,1.0,0.0000,1607,0.897
C3P1,C,5.0,0.0000,1607,0.910
C3P1,C,20.0,0.0000,1607,0.901
C3P1,C,60.0,0.0000,1607,0.897
C3P2,C,0.2,6.6667,342,0.200
C3P2,C,1.0,3.3333,1675,1.000
C3P2,C,5.0,3.3333,8510,5.000
C3P2,C,20.0,3.3333,34543,20.000
C3P2,C,60.0,0.0000,75266,43.637
C3P3,C,0.2,0.0000,101,0.055
C3P3,C,1.0,0.0000,101,0.056
C3P3,C,5.0,0.0000,101,0.056
C3P3,C,20.0,0.0000,101,0.055
C3P3,C,60.0,0.0000,101,0.055
C4P1,C,0.2,1.6667,163,0.200
C4P1,C,1.0,1.6667,819,1.001
C4P1,C,5.0,1.6667,4085,5.001
C4P1,C,20.0,1.6667,16462,20.001
C4P1,C,60.0,1.6667,49537,60.000
C4P2,C,0.2,1.6667,168,0.201
C4P2,C,1.0,1.6667,845,1.001
C4P2,C,5.0,1.6667,4177,5.000
C4P2,C,20.0,1.6667,16774,20.001
C4P2,C,60.0,1.6667,50053,60.000
C4P3,C,0.2,1.6667,158,0.200
C4P3,C,1.0,1.6667,803,1.001
C4P3,C,5.0,1.6667,4178,5.001
C4P3,C,20.0,1.6667,16622,20.001
C4P3,C,60.0,1.6667,50401,60.000
C5P1,C,0.2,1.1111,92,0.201
C5P1,C,1.0,1.1111,457,1.000
C5P1,C,5.0,1.1111,2268,5.000
C5P1,C,20.0,1.1111,8905,20.002
C5P1,C,60.0,1.1111,26749,60.001
C5P2,C,0.2,0.0000,88,0.192
C5P2,C,1.0,0.0000,88,0.189
C5P2,C,5.0,0.0000,88,0.184
C5P2,C,20.0,0.0000,88,0.184
C5P2,C,60.0,0.0000,88,0.186
C5P3,C,0.2,1.1111,89,0.201
C5P3,C,1.0,1.1111,472,1.000
C5P3,C,5.0,1.1111,2325,5.000
C5P3,C,20.0,1.1111,9112,20.000
C5P3,C,60.0,1.1111,26686,60.001
C6P1,C,0.2,1.6667,56,0.202
C6P1,C,1.0,0.8333,276,1.002
C6P1,C,5.0,0.8333,1372,5.001
C6P1,C,20.0,0.8333,5523,20.001
C6P1,C,60.0,0.8333,16841,60.001
C6P2,C,0.2,1.6667,56,0.202
C6P2,C,1.0,0.8333,282,1.002
C6P2,C,5.0,0.8333,1371,5.000
C6P2,C,20.0,0.8333,5564,20.004
C6P2,C,60.0,0.8333,16502,60.002
C6P3,C,0.2,0.8333,58,0.201
C6P3,C,1.0,0.8333,283,1.003
C6P3,C,5.0,0.8333,1436,5.001
C6P3,C,20.0,0.8333,5714,20.002
C6P3,C,60.0,0.8333,17006,60.001
C7P1,C,0.2,1.2500,18,0.211
C7P1,C,1.0,0.8333,85,1.012
C7P1,C,5.0,0.8333,422,5.008
C7P1,C,20.0,0.4167,1677,20.006
C7P1,C,60.0,0.4167,5170,60.003
C7P2,C,0.2,1.2500,17,0.202
C7P2,C,1.0,0.4167,85,1.008
C7P2,C,5.0,0.4167,429,5.009
C7P2,C,20.0,0.4167,1727,20.005
C7P2,C,60.0,0.4167,4690,60.010
C7P3,C,0.2,1.2500,16,0.202
C7P3,C,1.0,0.8333,79,1.004
C7P3,C,5.0,0.8333,391,5.004
C7P3,C,20.0,0.4167,1549,20.010
C7P3,C,60.0,0.4167,4440,60.008
BKW01,BKW,0.2,0.0000,1,0.000
BKW01,BKW,1.0,0.0000,1,0.000
BKW01,BKW,5.0,0.0000,1,0.000
BKW01,BKW,20.0,0.0000,1,0.000
BKW01,BKW,60.0,0.0000,1,0.000
BKW02,BKW,0.2,2.0000,622,0.200
BKW02,BKW,1.0,0.0000,2518,0.814
BKW02,BKW,5.0,0.0000,2518,0.807
BKW02,BKW,20.0,0.0000,2518,0.804
BKW02,BKW,60.0,0.0000,2518,0.803
BKW03,BKW,0.2,0.0000,268,0.140
BKW03,BKW,1.0,0.0000,268,0.138
BKW03,BKW,5.0,0.0000,268,0.142
BKW03,BKW,20.0,0.0000,268,0.142
BKW03,BKW,60.0,0.0000,268,0.139
BKW04,BKW,0.2,1.2500,232,0.201
BKW04,BKW,1.0,1.2500,1126,1.000
BKW04,BKW,5.0,1.2500,5571,5.001
BKW04,BKW,20.0,1.2500,22256,20.001
BKW04,BKW,60.0,1.2500,65831,60.000
BKW05,BKW,0.2,3.0000,149,0.200
BKW05,BKW,1.0,3.0000,742,1.001
BKW05,BKW,5.0,1.0000,3677,5.000
BKW05,BKW,20.0,1.0000,14672,20.000
BKW05,BKW,60.0,1.0000,44553,60.001
BKW06,BKW,0.2,1.0000,126,0.201
BKW06,BKW,1.0,1.0000,642,1.000
BKW06,BKW,5.0,1.0000,3186,5.001
BKW06,BKW,20.0,1.0000,12682,20.001
BKW06,BKW,60.0,0.0000,13936,21.684
BKW07,BKW,0.2,1.0000,95,0.202
BKW07,BKW,1.0,1.0000,473,1.001
BKW07,BKW,5.0,0.0000,918,1.945
BKW07,BKW,20.0,0.0000,918,1.934
BKW07,BKW,60.0,0.0000,918,1.936
BKW08,BKW,0.2,2.5000,74,0.201
BKW08,BKW,1.0,1.2500,373,1.002
BKW08,BKW,5.0,1.2500,1834,5.002
BKW08,BKW,20.0,1.2500,7315,20.001
BKW08,BKW,60.0,1.2500,22183,60.000
BKW09,BKW,0.2,0.6667,53,0.201
BKW09,BKW,1.0,0.6667,269,1.001
BKW09,BKW,5.0,0.6667,1341,5.002
BKW09,BKW,20.0,0.6667,5331,20.001
BKW09,BKW,60.0,0.0000,6713,25.168
BKW10,BKW,0.2,0.6667,15,0.209
BKW10,BKW,1.0,0.0000,38,0.512
BKW10,BKW,5.0,0.0000,38,0.522
BKW10,BKW,20.0,0.0000,38,0.505
BKW10,BKW,60.0,0.0000,38,0.509
BKW11,BKW,0.2,0.6667,7,0.206
BKW11,BKW,1.0,0.6667,34,1.023
BKW11,BKW,5.0,0.6667,172,5.018
BKW11,BKW,20.0,0.6667,689,20.006
BKW11,BKW,60.0,0.0000,903,25.913
BKW12,BKW,0.2,0.3333,3,0.230
BKW12,BKW,1.0,0.3333,14,1.074
BKW12,BKW,5.0,0.3333,66,5.024
BKW12,BKW,20.0,0.3333,272,20.056
BKW12,BKW,60.0,0.3333,804,60.018
BKW13,BKW,0.2,0.4167,1,2.969
BKW13,BKW,1.0,0.4167,1,2.960
BKW13,BKW,5.0,0.2083,2,6.012
BKW13,BKW,20.0,0.2083,7,21.152
BKW13,BKW,60.0,0.2083,20,60.491
N1A,NT,0.2,0.0000,17,0.008
N1A,NT,1.0,0.0000,17,0.007
N1A,NT,5.0,0.0000,17,0.007
N1A,NT,20.0,0.0000,17,0.008
N1A,NT,60.0,0.0000,17,0.008
N1B,NT,0.2,7.0000,459,0.200
N1B,NT,1.0,2.0000,2337,1.000
N1B,NT,5.0,2.0000,11528,5.000
N1B,NT,20.0,2.0000,46433,20.000
N1B,NT,60.0,0.0000,81952,35.384
N1C,NT,0.2,4.5000,440,0.200
N1C,NT,1.0,4.5000,2215,1.000
N1C,NT,5.0,3.5000,11231,5.000
N1C,NT,20.0,3.5000,44830,20.000
N1C,NT,60.0,0.0000,65201,28.819
N1D,NT,0.2,6.5000,461,0.200
N1D,NT,1.0,5.0000,2269,1.000
N1D,NT,5.0,4.0000,11227,5.000
N1D,NT,20.0,0.0000,27446,11.187
N1D,NT,60.0,0.0000,27446,10.839
N1E,NT,0.2,6.5000,533,0.200
N1E,NT,1.0,0.0000,2122,0.813
N1E,NT,5.0,0.0000,2122,0.820
N1E,NT,20.0,0.0000,2122,0.810
N1E,NT,60.0,0.0000,2122,0.801
N2A,NT,0.2,5.0000,364,0.200
N2A,NT,1.0,5.0000,1776,1.000
N2A,NT,5.0,5.0000,8857,5.000
N2A,NT,20.0,4.5000,35033,20.000
N2A,NT,60.0,4.0000,106642,60.000
N2B,NT,0.2,4.5000,364,0.200
N2B,NT,1.0,4.5000,1758,1.000
N2B,NT,5.0,3.0000,8879,5.000
N2B,NT,20.0,3.0000,35064,20.000
N2B,NT,60.0,3.0000,106921,60.000
N2C,NT,0.2,6.5000,391,0.200
N2C,NT,1.0,4.5000,2074,1.000
N2C,NT,5.0,3.5000,10365,5.000
N2C,NT,20.0,3.5000,41899,20.000
N2C,NT,60.0,3.5000,125843,60.000
N2D,NT,0.2,6.0000,418,0.200
N2D,NT,1.0,3.5000,1969,1.000
N2D,NT,5.0,3.5000,9837,5.000
N2D,NT,20.0,3.5000,39020,20.000
N2D,NT,60.0,3.5000,131629,60.000
N2E,NT,0.2,4.5000,462,0.200
N2E,NT,1.0,3.0000,2353,1.000
N2E,NT,5.0,2.0000,11713,5.000
N2E,NT,20.0,2.0000,47189,20.000
N2E,NT,60.0,2.0000,141291,60.000
N3A,NT,0.2,10.0000,418,0.200
N3A,NT,1.0,7.5000,2060,1.000
N3A,NT,5.0,5.5000,10125,5.000
N3A,NT,20.0,4.0000,41881,20.000
N3A,NT,60.0,3.5000,103946,60.001
N3B,NT,0.2,5.0000,319,0.201
N3B,NT,1.0,5.0000,1603,1.000
N3B,NT,5.0,5.0000,8092,5.000
N3B,NT,20.0,4.0000,32504,20.000
N3B,NT,60.0,3.0000,95868,60.000
N3C,NT,0.2,4.0000,336,0.200
N3C,NT,1.0,4.0000,1647,1.000
N3C,NT,5.0,3.0000,8278,5.001
N3C,NT,20.0,2.5000,31738,20.000
N3C,NT,60.0,2.5000,97618,60.000
N3D,NT,0.2,5.5000,320,0.201
N3D,NT,1.0,4.5000,1596,1.000
N3D,NT,5.0,3.5000,8201,5.000
N3D,NT,20.0,3.5000,32098,20.000
N3D,NT,60.0,3.5000,98259,60.000
N3E,NT,0.2,5.5000,339,0.200
N3E,NT,1.0,5.5000,1737,1.000
N3E,NT,5.0,4.5000,8224,5.000
N3E,NT,20.0,4.0000,32768,20.000
N3E,NT,60.0,3.0000,98456,60.000
N4A,NT,0.2,3.0000,180,0.200
N4A,NT,1.0,3.0000,927,1.001
N4A,NT,5.0,3.0000,4730,5.001
N4A,NT,20.0,2.5000,19009,20.000
N4A,NT,60.0,2.5000,56344,60.000
N4B,NT,0.2,3.5000,193,0.201
N4B,NT,1.0,3.5000,924,1.001
N4B,NT,5.0,3.5000,4475,5.001
N4B,NT,20.0,3.5000,17640,20.000
N4B,NT,60.0,3.5000,54000,60.001
N4C,NT,0.2,3.0000,179,0.200
N4C,NT,1.0,2.0000,890,1.000
N4C,NT,5.0,2.0000,4465,5.001
N4C,NT,20.0,2.0000,17844,20.001
N4C,NT,60.0,2.0000,52430,60.001
N4D,NT,0.2,4.0000,177,0.200
N4D,NT,1.0,4.0000,871,1.000
N4D,NT,5.0,3.5000,4381,5.000
N4D,NT,20.0,2.0000,17443,20.000
N4D,NT,60.0,2.0000,51449,60.001
N4E,NT,0.2,2.5000,174,0.200
N4E,NT,1.0,2.5000,891,1.001
N4E,NT,5.0,2.0000,4401,5.000
N4E,NT,20.0,1.5000,17762,20.001
N4E,NT,60.0,1.5000,53365,60.001
N5A,NT,0.2,3.5000,99,0.202
N5A,NT,1.0,2.0000,513,1.000
N5A,NT,5.0,1.5000,2550,5.001
N5A,NT,20.0,1.5000,9980,20.001
N5A,NT,60.0,1.5000,30334,60.000
N5B,NT,0.2,2.0000,101,0.201
N5B,NT,1.0,2.0000,485,1.001
N5B,NT,5.0,2.0000,2457,5.001
N5B,NT,20.0,1.5000,9766,20.000
N5B,NT,60.0,1.5000,28943,60.002
N5C,NT,0.2,2.5000,97,0.201
N5C,NT,1.0,2.5000,481,1.001
N5C,NT,5.0,2.5000,2423,5.001
N5C,NT,20.0,2.5000,9696,20.001
N5C,NT,60.0,2.5000,29314,60.000
N5D,NT,0.2,2.5000,103,0.202
N5D,NT,1.0,2.5000,496,1.001
N5D,NT,5.0,2.5000,2471,5.000
N5D,NT,20.0,2.5000,9864,20.001
N5D,NT,60.0,2.0000,29078,60.001
N5E,NT,0.2,2.5000,92,0.201
N5E,NT,1.0,2.0000,486,1.000
N5E,NT,5.0,2.0000,2413,5.001
N5E,NT,20.0,2.0000,9469,20.002
N5E,NT,60.0,2.0000,28471,60.001
N6A,NT,0.2,2.5000,64,0.203
N6A,NT,1.0,1.5000,322,1.001
N6A,NT,5.0,1.5000,1623,5.003
N6A,NT,20.0,1.0000,6474,20.001
N6A,NT,60.0,1.0000,18709,60.002
N6B,NT,0.2,2.0000,63,0.200
N6B,NT,1.0,2.0000,291,1.003
N6B,NT,5.0,1.5000,1479,5.001
N6B,NT,20.0,1.5000,5832,20.003
N6B,NT,60.0,1.0000,17714,60.001
N6C,NT,0.2,2.5000,60,0.202
N6C,NT,1.0,2.0000,292,1.000
N6C,NT,5.0,1.5000,1455,5.004
N6C,NT,20.0,1.0000,5897,20.002
N6C,NT,60.0,1.0000,17794,60.001
N6D,NT,0.2,2.5000,68,0.202
N6D,NT,1.0,2.0000,319,1.001
N6D,NT,5.0,2.0000,1526,5.001
N6D,NT,20.0,1.5000,6242,20.001
N6D,NT,60.0,1.5000,18914,60.002
N6E,NT,0.2,2.0000,66,0.202
N6E,NT,1.0,2.0000,315,1.003
N6E,NT,5.0,1.5000,1568,5.000
N6E,NT,20.0,1.5000,6246,20.002
N6E,NT,60.0,1.5000,18555,60.002
N7A,NT,0.2,1.5000,17,0.201
N7A,NT,1.0,1.0000,92,1.010
N7A,NT,5.0,1.0000,439,5.005
N7A,NT,20.0,1.0000,1708,20.008
N7A,NT,60.0,1.0000,5366,60.010
N7B,NT,0.2,1.0000,19,0.202
N7B,NT,1.0,1.0000,89,1.004
N7B,NT,5.0,1.0000,427,5.005
N7B,NT,20.0,1.0000,1711,20.010
N7B,NT,60.0,0.5000,5376,60.003
N7C,NT,0.2,1.0000,19,0.204
N7C,NT,1.0,1.0000,90,1.005
N7C,NT,5.0,0.5000,452,5.008
N7C,NT,20.0,0.5000,1806,20.001
N7C,NT,60.0,0.5000,5278,60.005
N7D,NT,0.2,1.0000,18,0.206
N7D,NT,1.0,0.5000,88,1.004
N7D,NT,5.0,0.5000,432,5.009
N7D,NT,20.0,0.5000,1759,20.008
N7D,NT,60.0,0.5000,5351,60.003
N7E,NT,0.2,2.5000,18,0.207
N7E,NT,1.0,1.5000,93,1.006
N7E,NT,5.0,1.0000,435,5.004
N7E,NT,20.0,1.0000,1750,20.008
N7E,NT,60.0,1.0000,4951,60.008
T1A,NT,0.2,6.5000,504,0.200
T1A,NT,1.0,6.0000,2527,1.000
T1A,NT,5.0,5.0000,12234,5.000
T1A,NT,20.0,1.5000,51024,20.000
T1A,NT,60.0,1.5000,150980,60.000
T1B,NT,0.2,6.5000,494,0.200
T1B,NT,1.0,5.0000,2448,1.000
T1B,NT,5.0,4.0000,12189,5.000
T1B,NT,20.0,0.0000,27446,11.263
T1B,NT,60.0,0.0000,27446,11.226
T1C,NT,0.2,6.5000,502,0.200
T1C,NT,1.0,2.5000,2745,1.000
T1C,NT,5.0,2.5000,14369,5.000
T1C,NT,20.0,2.5000,57412,20.000
T1C,NT,60.0,2.5000,181011,60.000
T1D,NT,0.2,5.0000,571,0.200
T1D,NT,1.0,5.0000,2774,1.000
T1D,NT,5.0,5.0000,13363,5.000
T1D,NT,20.0,0.0000,30212,10.937
T1D,NT,60.0,0.0000,30212,10.879
T1E,NT,0.2,6.5000,562,0.200
T1E,NT,1.0,6.5000,2752,1.000
T1E,NT,5.0,6.5000,13958,5.000
T1E,NT,20.0,4.5000,56369,20.000
T1E,NT,60.0,4.5000,168931,60.000
T2A,NT,0.2,5.0000,391,0.200
T2A,NT,1.0,4.0000,1897,1.000
T2A,NT,5.0,3.5000,9572,5.001
T2A,NT,20.0,3.5000,39008,20.000
T2A,NT,60.0,2.5000,114593,60.000
T2B,NT,0.2,4.5000,372,0.200
T2B,NT,1.0,4.5000,1815,1.000
T2B,NT,5.0,4.0000,9450,5.000
T2B,NT,20.0,2.5000,36534,20.000
T2B,NT,60.0,2.5000,107686,60.001
T2C,NT,0.2,6.0000,360,0.200
T2C,NT,1.0,5.5000,1695,1.000
T2C,NT,5.0,5.0000,8783,5.000
T2C,NT,20.0,4.5000,37134,20.001
T2C,NT,60.0,4.5000,116764,60.000
T2D,NT,0.2,4.5000,384,0.200
T2D,NT,1.0,3.0000,1997,1.001
T2D,NT,5.0,2.0000,9950,5.000
T2D,NT,20.0,2.0000,38931,20.000
T2D,NT,60.0,2.0000,116828,60.000
T2E,NT,0.2,4.5000,385,0.200
T2E,NT,1.0,4.5000,1825,1.000
T2E,NT,5.0,3.0000,9023,5.000
T2E,NT,20.0,3.0000,36960,20.000
T2E,NT,60.0,3.0000,105914,60.000
T3A,NT,0.2,5.5000,288,0.200
T3A,NT,1.0,4.5000,1461,1.000
T3A,NT,5.0,3.5000,7303,5.000
T3A,NT,20.0,3.5000,31488,20.000
T3A,NT,60.0,3.5000,97084,60.000
T3B,NT,0.2,5.5000,291,0.200
T3B,NT,1.0,3.5000,1469,1.001
T3B,NT,5.0,3.5000,7158,5.000
T3B,NT,20.0,3.5000,28250,20.001
T3B,NT,60.0,3.5000,84007,60.001
T3C,NT,0.2,4.0000,287,0.200
T3C,NT,1.0,4.0000,1436,1.000
T3C,NT,5.0,3.0000,7365,5.001
T3C,NT,20.0,3.0000,29487,20.000
T3C,NT,60.0,1.5000,90752,60.000
T3D,NT,0.2,5.0000,307,0.200
T3D,NT,1.0,4.0000,1548,1.001
T3D,NT,5.0,2.5000,7679,5.000
T3D,NT,20.0,2.5000,30526,20.001
T3D,NT,60.0,2.5000,87043,60.000
T3E,NT,0.2,5.0000,296,0.200
T3E,NT,1.0,5.0000,1462,1.000
T3E,NT,5.0,5.0000,7257,5.001
T3E,NT,20.0,4.0000,29438,20.001
T3E,NT,60.0,3.0000,86923,60.001
T4A,NT,0.2,4.5000,151,0.200
T4A,NT,1.0,2.5000,771,1.001
T4A,NT,5.0,2.5000,3903,5.001
T4A,NT,20.0,2.0000,15494,20.000
T4A,NT,60.0,2.0000,46497,60.001
T4B,NT,0.2,3.5000,158,0.200
T4B,NT,1.0,2.0000,777,1.000
T4B,NT,5.0,2.0000,3906,5.001
T4B,NT,20.0,2.0000,15537,20.000
T4B,NT,60.0,2.0000,46849,60.001
T4C,NT,0.2,5.0000,159,0.201
T4C,NT,1.0,4.0000,804,1.001
T4C,NT,5.0,3.5000,4026,5.001
T4C,NT,20.0,2.0000,15748,20.000
T4C,NT,60.0,2.0000,46450,60.000
T4D,NT,0.2,3.0000,164,0.201
T4D,NT,1.0,3.0000,807,1.001
T4D,NT,5.0,3.0000,4163,5.001
T4D,NT,20.0,2.5000,16476,20.001
T4D,NT,60.0,2.5000,49667,60.000
T4E,NT,0.2,3.5000,156,0.200
T4E,NT,1.0,3.5000,779,1.001
T4E,NT,5.0,3.5000,3902,5.000
T4E,NT,20.0,3.5000,15868,20.001
T4E,NT,60.0,3.5000,48328,60.001
T5A,NT,0.2,2.5000,106,0.202
T5A,NT,1.0,2.5000,525,1.002
T5A,NT,5.0,2.5000,2603,5.001
T5A,NT,20.0,2.5000,10301,20.000
T5A,NT,60.0,2.5000,31080,60.002
T5B,NT,0.2,2.0000,105,0.202
T5B,NT,1.0,2.0000,533,1.001
T5B,NT,5.0,2.0000,2691,5.002
T5B,NT,20.0,2.0000,10786,20.001
T5B,NT,60.0,1.5000,32365,60.000
T5C,NT,0.2,2.5000,104,0.201
T5C,NT,1.0,2.0000,521,1.000
T5C,NT,5.0,1.5000,2618,5.000
T5C,NT,20.0,1.5000,10916,20.001
T5C,NT,60.0,1.5000,37516,60.001
T5D,NT,0.2,2.5000,129,0.200
T5D,NT,1.0,2.5000,668,1.000
T5D,NT,5.0,2.5000,3453,5.001
T5D,NT,20.0,2.5000,13590,20.001
T5D,NT,60.0,2.0000,41190,60.001
T5E,NT,0.2,2.0000,139,0.201
T5E,NT,1.0,2.0000,679,1.000
T5E,NT,5.0,1.5000,3418,5.001
T5E,NT,20.0,1.5000,13698,20.001
T5E,NT,60.0,1.5000,35215,60.002
T6A,NT,0.2,4.0000,70,0.203
T6A,NT,1.0,3.5000,323,1.002
T6A,NT,5.0,1.5000,1600,5.002
T6A,NT,20.0,1.5000,6356,20.000
T6A,NT,60.0,1.5000,19139,60.003
T6B,NT,0.2,2.5000,65,0.202
T6B,NT,1.0,2.0000,312,1.000
T6B,NT,5.0,1.5000,1609,5.000
T6B,NT,20.0,1.0000,6325,20.002
T6B,NT,60.0,1.0000,19242,60.000
T6C,NT,0.2,2.0000,74,0.200
T6C,NT,1.0,1.5000,368,1.001
T6C,NT,5.0,1.5000,1672,5.001
T6C,NT,20.0,1.5000,6714,20.000
T6C,NT,60.0,1.5000,19501,60.001
T6D,NT,0.2,2.0000,67,0.203
T6D,NT,1.0,2.0000,326,1.000
T6D,NT,5.0,1.5000,1634,5.001
T6D,NT,20.0,1.5000,6496,20.002
T6D,NT,60.0,1.0000,20029,60.001
T6E,NT,0.2,2.5000,65,0.201
T6E,NT,1.0,2.5000,340,1.003
T6E,NT,5.0,2.0000,1687,5.002
T6E,NT,20.0,2.0000,6354,20.002
T6E,NT,60.0,1.0000,19409,60.000
T7A,NT,0.2,1.5000,19,0.205
T7A,NT,1.0,1.0000,93,1.003
T7A,NT,5.0,1.0000,474,5.011
T7A,NT,20.0,0.5000,1903,20.000
T7A,NT,60.0,0.5000,5614,60.004
T7B,NT,0.2,1.5000,20,0.206
T7B,NT,1.0,1.5000,96,1.003
T7B,NT,5.0,1.0000,468,5.003
T7B,NT,20.0,1.0000,1823,20.010
T7B,NT,60.0,1.0000,5466,60.011
T7C,NT,0.2,1.0000,18,0.200
T7C,NT,1.0,1.0000,90,1.003
T7C,NT,5.0,1.0000,448,5.003
T7C,NT,20.0,1.0000,1792,20.010
T7C,NT,60.0,1.0000,5385,60.005
T7D,NT,0.2,1.0000,19,0.208
T7D,NT,1.0,0.5000,94,1.002
T7D,NT,5.0,0.5000,468,5.003
T7D,NT,20.0,0.5000,1848,20.005
T7D,NT,60.0,0.5000,5532,60.006
T7E,NT,0.2,1.5000,18,0.201
T7E,NT,1.0,0.5000,90,1.004
T7E,NT,5.0,0.5000,456,5.011
T7E,NT,20.0,0.5000,1823,20.007
T7E,NT,60.0,0.5000,5426,60.001
