fold,instance,portfolio_gap,cpu_s,wall_s,verified
C,C1P1,5.0000,0.0023,0.0025,1
C,C1P2,10.0000,0.0025,0.0025,1
C,C1P3,5.0000,0.0023,0.0023,1
C,C2P1,6.6667,0.0043,0.0053,1
C,C2P2,0.0000,0.0041,0.0041,1
C,C2P3,0.0000,0.0042,0.0054,1
C,C3P1,3.3333,0.0050,0.0051,1
C,C3P2,10.0000,0.0052,0.0054,1
C,C3P3,3.3333,0.0048,0.0048,1
C,C4P1,3.3333,0.0101,0.0111,1
C,C4P2,3.3333,0.0098,0.0101,1
C,C4P3,3.3333,0.0100,0.0102,1
C,C5P1,1.1111,0.0169,0.0177,1
C,C5P2,2.2222,0.0168,0.0181,1
C,C5P3,2.2222,0.0169,0.0181,1
C,C6P1,1.6667,0.0268,0.0276,1
C,C6P2,1.6667,0.0268,0.0281,1
C,C6P3,1.6667,0.0272,0.0348,1
C,C7P1,1.2500,0.0872,0.0983,1
C,C7P2,0.8333,0.0864,0.0899,1
C,C7P3,0.8333,0.0879,0.0929,1
BKW,BKW01,0.0000,0.0016,0.0018,1
BKW,BKW02,4.0000,0.0032,0.0033,1
BKW,BKW03,2.0000,0.0049,0.0052,1
BKW,BKW04,2.5000,0.0086,0.0087,1
BKW,BKW05,3.0000,0.0122,0.0134,1
BKW,BKW06,1.0000,0.0129,0.0134,1
BKW,BKW07,2.0000,0.0173,0.0202,1
BKW,BKW08,2.5000,0.0223,0.0242,1
BKW,BKW09,1.3333,0.0268,0.0276,1
BKW,BKW10,0.6667,0.0826,0.0877,1
BKW,BKW11,0.6667,0.1635,0.1866,1
BKW,BKW12,0.6667,0.4364,0.5048,1
BKW,BKW13,0.1042,16.2100,18.4252,1
NT,N1A,8.5000,0.0057,0.0061,1
NT,N1B,7.0000,0.0055,0.0060,1
NT,N1C,6.0000,0.0057,0.0059,1
NT,N1D,7.0000,0.0058,0.0062,1
NT,N1E,6.5000,0.0053,0.0056,1
NT,N2A,6.5000,0.0081,0.0086,1
NT,N2B,8.5000,0.0075,0.0083,1
NT,N2C,7.5000,0.0081,0.0109,1
NT,N2D,5.5000,0.0075,0.0082,1
NT,N2E,6.5000,0.0081,0.0096,1
NT,N3A,6.5000,0.0088,0.0092,1
NT,N3B,6.5000,0.0095,0.0104,1
NT,N3C,6.0000,0.0088,0.0093,1
NT,N3D,6.5000,0.0094,0.0105,1
NT,N3E,6.0000,0.0095,0.0107,1
NT,N4A,4.5000,0.0150,0.0155,1
NT,N4B,3.5000,0.0153,0.0178,1
NT,N4C,4.5000,0.0152,0.0173,1
NT,N4D,4.5000,0.0148,0.0157,1
NT,N4E,4.5000,0.0151,0.0173,1
NT,N5A,6.0000,0.0247,0.0272,1
NT,N5B,4.0000,0.0241,0.0266,1
NT,N5C,4.5000,0.0236,0.0255,1
NT,N5D,3.0000,0.0244,0.0272,1
NT,N5E,3.5000,0.0242,0.0261,1
NT,N6A,3.0000,0.0345,0.0374,1
NT,N6B,2.5000,0.0330,0.0371,1
NT,N6C,4.5000,0.0351,0.0384,1
NT,N6D,3.0000,0.0348,0.0399,1
NT,N6E,3.5000,0.0354,0.0447,1
NT,N7A,1.0000,0.0966,0.1110,1
NT,N7B,0.5000,0.0972,0.1118,1
NT,N7C,1.5000,0.0973,0.1150,1
NT,N7D,1.5000,0.0946,0.1095,1
NT,N7E,2.0000,0.0948,0.1074,1
NT,T1A,10.0000,0.0057,0.0064,1
NT,T1B,7.0000,0.0056,0.0059,1
NT,T1C,9.0000,0.0055,0.0067,1
NT,T1D,6.0000,0.0059,0.0062,1
NT,T1E,9.0000,0.0058,0.0062,1
NT,T2A,7.5000,0.0077,0.0080,1
NT,T2B,8.0000,0.0082,0.0096,1
NT,T2C,10.0000,0.0079,0.0084,1
NT,T2D,6.5000,0.0078,0.0094,1
NT,T2E,8.5000,0.0076,0.0077,1
NT,T3A,6.5000,0.0092,0.0096,1
NT,T3B,5.5000,0.0095,0.0100,1
NT,T3C,9.0000,0.0087,0.0095,1
NT,T3D,11.0000,0.0090,0.0104,1
NT,T3E,6.5000,0.0091,0.0106,1
NT,T4A,5.0000,0.0156,0.0181,1
NT,T4B,4.5000,0.0148,0.0157,1
NT,T4C,4.5000,0.0145,0.0154,1
NT,T4D,4.5000,0.0152,0.0163,1
NT,T4E,3.5000,0.0151,0.0155,1
NT,T5A,4.5000,0.0235,0.0249,1
NT,T5B,4.5000,0.0237,0.0276,1
NT,T5C,6.0000,0.0245,0.0267,1
NT,T5D,3.0000,0.0245,0.0271,1
NT,T5E,4.0000,0.0240,0.0252,1
NT,T6A,3.0000,0.0341,0.0396,1
NT,T6B,4.5000,0.0353,0.0406,1
NT,T6C,3.5000,0.0351,0.0387,1
NT,T6D,2.5000,0.0334,0.0434,1
NT,T6E,2.5000,0.0344,0.0377,1
NT,T7A,1.5000,0.0956,0.1089,1
NT,T7B,1.0000,0.0966,0.1123,1
NT,T7C,1.5000,0.1003,0.1134,1
NT,T7D,1.5000,0.0976,0.1054,1
NT,T7E,1.5000,0.0979,0.1057,1
