instance,n,method,gap,cpu_s,wall_s
ZDF1,580,bf-TN,7.5758,0.010,0.010
ZDF1,580,ish-core,18.4848,0.118,0.118
ZDF1,580,twbf-18,1.2121,0.841,0.845
ZDF1,580,greedy-12,0.0000,0.373,0.374
ZDF1,580,fh,0.0000,57.840,58.191
ZDF1,580,RandomLS@1s,0.0000,0.198,0.199
ZDF1,580,RandomLS@5s,0.0000,0.202,0.203
ZDF1,580,RandomLS@20s,0.0000,0.196,0.197
ZDF1,580,bbf-288,0.0000,4.976,5.134
ZDF1,580,rl-policy,0.9091,3.845,3.859
ZDF4,820,bf-TN,1.2285,0.013,0.013
ZDF4,820,ish-core,5.1597,0.232,0.233
ZDF4,820,twbf-18,0.7371,1.617,1.666
ZDF4,820,greedy-12,0.2457,0.677,0.678
ZDF4,820,fh,0.0000,135.581,140.830
ZDF4,820,RandomLS@1s,0.2457,0.984,1.016
ZDF4,820,RandomLS@5s,0.0000,2.031,2.271
ZDF4,820,RandomLS@20s,0.0000,1.992,2.029
ZDF4,820,bbf-288,0.2457,9.585,9.807
ZDF4,820,rl-policy,0.4914,7.985,8.443
ZDF6,1532,bf-TN,14.9015,0.169,0.171
ZDF6,1532,ish-core,29.8440,0.926,0.941
ZDF6,1532,twbf-18,7.0608,8.826,8.962
ZDF6,1532,greedy-12,5.0903,4.461,4.498
ZDF6,1532,fh,3.2841,676.122,691.109
ZDF6,1532,RandomLS@1s,8.4360,1.153,1.160
ZDF6,1532,RandomLS@5s,4.7209,4.886,5.024
ZDF6,1532,RandomLS@20s,4.7209,20.003,20.168
ZDF6,1532,bbf-288,5.0082,96.769,97.789
ZDF6,1532,rl-policy,10.5911,14.587,14.764
ZDF8,2532,bf-TN,7.7146,0.245,0.246
ZDF8,2532,ish-core,24.8647,2.027,2.037
ZDF8,2532,twbf-18,7.6373,18.796,18.927
ZDF8,2532,greedy-12,4.1377,7.995,8.117
ZDF8,2532,fh,0.0580,1374.647,1539.991
ZDF8,2532,RandomLS@1s,10.7502,1.920,1.930
ZDF8,2532,RandomLS@5s,6.0518,5.497,5.561
ZDF8,2532,RandomLS@20s,4.6984,19.639,20.002
ZDF8,2532,bbf-288,5.0657,123.707,125.801
ZDF8,2532,rl-policy,5.0851,24.761,25.113
ZDF10,5064,bf-TN,6.7092,0.735,0.737
ZDF10,5064,ish-core,16.0673,10.903,11.061
ZDF10,5064,twbf-18,5.4718,60.784,61.328
ZDF10,5064,greedy-12,1.7401,26.925,27.124
ZDF10,5064,fh,0.0580,5430.442,5504.477
ZDF10,5064,RandomLS@1s,4.3697,15.927,16.441
ZDF10,5064,RandomLS@5s,4.3697,15.686,16.023
ZDF10,5064,RandomLS@20s,4.3697,19.854,20.201
ZDF12,10064,bf-TN,8.9134,2.820,2.862
ZDF12,10064,ish-core,14.5012,86.930,88.682
ZDF12,10064,twbf-18,5.9745,310.967,318.784
ZDF12,10064,greedy-12,0.7927,125.110,128.151
ZDF12,10064,fh,0.5027,17176.202,17389.953
ZDF12,10064,RandomLS@1s,4.6017,37.989,38.132
ZDF12,10064,RandomLS@5s,4.6017,36.331,36.355
ZDF12,10064,RandomLS@20s,4.6017,36.193,36.228
