instance,family,method,rep,cpu_s,wall_s,height
C1P1,C,rl-policy-1t,0,0.1566,0.1644,22
C1P1,C,rl-policy-1t,1,0.1573,0.1620,22
C1P1,C,rl-policy-1t,2,0.1524,0.1817,22
C1P2,C,rl-policy-1t,0,0.1551,0.1602,20
C1P2,C,rl-policy-1t,1,0.1506,0.1563,20
C1P2,C,rl-policy-1t,2,0.1469,0.1505,20
C1P3,C,rl-policy-1t,0,0.1438,0.1524,21
C1P3,C,rl-policy-1t,1,0.1362,0.1417,21
C1P3,C,rl-policy-1t,2,0.1435,0.1503,21
C2P1,C,rl-policy-1t,0,0.2221,0.2306,18
C2P1,C,rl-policy-1t,1,0.2071,0.2224,18
C2P1,C,rl-policy-1t,2,0.2213,0.2459,18
C2P2,C,rl-policy-1t,0,0.2150,0.2310,16
C2P2,C,rl-policy-1t,1,0.2157,0.2249,16
C2P2,C,rl-policy-1t,2,0.2136,0.2299,16
C2P3,C,rl-policy-1t,0,0.2177,0.2407,19
C2P3,C,rl-policy-1t,1,0.2151,0.2346,19
C2P3,C,rl-policy-1t,2,0.2248,0.2402,19
C3P1,C,rl-policy-1t,0,0.2409,0.2493,33
C3P1,C,rl-policy-1t,1,0.2479,0.2636,33
C3P1,C,rl-policy-1t,2,0.2433,0.2903,33
C3P2,C,rl-policy-1t,0,0.2582,0.2750,34
C3P2,C,rl-policy-1t,1,0.2496,0.2722,34
C3P2,C,rl-policy-1t,2,0.2683,0.2895,34
C3P3,C,rl-policy-1t,0,0.2655,0.2875,35
C3P3,C,rl-policy-1t,1,0.2633,0.2789,35
C3P3,C,rl-policy-1t,2,0.2600,0.2748,35
C4P1,C,rl-policy-1t,0,0.4596,0.4766,63
C4P1,C,rl-policy-1t,1,0.4539,0.4776,63
C4P1,C,rl-policy-1t,2,0.4679,0.5037,63
C4P2,C,rl-policy-1t,0,0.4614,0.5506,63
C4P2,C,rl-policy-1t,1,0.4700,0.5025,63
C4P2,C,rl-policy-1t,2,0.4670,0.4863,63
C4P3,C,rl-policy-1t,0,0.4621,0.4973,62
C4P3,C,rl-policy-1t,1,0.4728,0.5428,62
C4P3,C,rl-policy-1t,2,0.4662,0.5219,62
C5P1,C,rl-policy-1t,0,0.6643,0.7639,92
C5P1,C,rl-policy-1t,1,0.6612,0.7357,92
C5P1,C,rl-policy-1t,2,0.6878,0.7910,92
C5P2,C,rl-policy-1t,0,0.6670,0.7238,93
C5P2,C,rl-policy-1t,1,0.6872,0.7470,93
C5P2,C,rl-policy-1t,2,0.6929,0.7603,93
C5P3,C,rl-policy-1t,0,0.7090,0.7935,93
C5P3,C,rl-policy-1t,1,0.7113,0.7743,93
C5P3,C,rl-policy-1t,2,0.7065,0.8443,93
C6P1,C,rl-policy-1t,0,0.9618,1.1867,125
C6P1,C,rl-policy-1t,1,0.8772,1.0957,125
C6P1,C,rl-policy-1t,2,0.8711,0.9669,125
C6P2,C,rl-policy-1t,0,0.8570,0.9071,126
C6P2,C,rl-policy-1t,1,0.8338,0.8872,126
C6P2,C,rl-policy-1t,2,0.8688,0.9477,126
C6P3,C,rl-policy-1t,0,0.9155,0.9741,122
C6P3,C,rl-policy-1t,1,0.9101,0.9971,122
C6P3,C,rl-policy-1t,2,0.9161,1.0046,122
C7P1,C,rl-policy-1t,0,1.8342,2.0424,244
C7P1,C,rl-policy-1t,1,1.7950,1.9024,244
C7P1,C,rl-policy-1t,2,1.8227,2.0121,244
C7P2,C,rl-policy-1t,0,1.7802,1.9293,243
C7P2,C,rl-policy-1t,1,1.9640,2.1934,243
C7P2,C,rl-policy-1t,2,1.8464,1.9888,243
C7P3,C,rl-policy-1t,0,1.7844,2.0452,243
C7P3,C,rl-policy-1t,1,1.9169,2.1297,243
C7P3,C,rl-policy-1t,2,1.9584,2.2093,243
BKW01,BKW,rl-policy-1t,0,0.0949,0.1045,40
BKW01,BKW,rl-policy-1t,1,0.0934,0.1043,40
BKW01,BKW,rl-policy-1t,2,0.0913,0.0979,40
BKW02,BKW,rl-policy-1t,0,0.1924,0.2151,52
BKW02,BKW,rl-policy-1t,1,0.1870,0.2037,52
BKW02,BKW,rl-policy-1t,2,0.2064,0.3040,52
BKW03,BKW,rl-policy-1t,0,0.2930,0.3180,63
BKW03,BKW,rl-policy-1t,1,0.2801,0.3088,63
BKW03,BKW,rl-policy-1t,2,0.2663,0.2942,63
BKW04,BKW,rl-policy-1t,0,0.3611,0.5338,85
BKW04,BKW,rl-policy-1t,1,0.3235,0.3328,85
BKW04,BKW,rl-policy-1t,2,0.3439,0.3496,85
BKW05,BKW,rl-policy-1t,0,0.4161,0.4233,106
BKW05,BKW,rl-policy-1t,1,0.4164,0.4271,106
BKW05,BKW,rl-policy-1t,2,0.4324,0.4544,106
BKW06,BKW,rl-policy-1t,0,0.5268,0.5461,112
BKW06,BKW,rl-policy-1t,1,0.5479,0.5584,112
BKW06,BKW,rl-policy-1t,2,0.5488,0.5740,112
BKW07,BKW,rl-policy-1t,0,0.6445,0.6748,104
BKW07,BKW,rl-policy-1t,1,0.6443,0.6639,104
BKW07,BKW,rl-policy-1t,2,0.6760,0.7170,104
BKW08,BKW,rl-policy-1t,0,0.7481,0.7815,83
BKW08,BKW,rl-policy-1t,1,0.6961,0.7486,83
BKW08,BKW,rl-policy-1t,2,0.6929,0.7051,83
BKW09,BKW,rl-policy-1t,0,0.9241,0.9971,160
BKW09,BKW,rl-policy-1t,1,0.8868,0.8964,160
BKW09,BKW,rl-policy-1t,2,0.9061,0.9854,160
BKW10,BKW,rl-policy-1t,0,1.8070,1.8778,153
BKW10,BKW,rl-policy-1t,1,1.8291,1.8962,153
BKW10,BKW,rl-policy-1t,2,1.8039,1.8359,153
BKW11,BKW,rl-policy-1t,0,2.7770,2.8745,151
BKW11,BKW,rl-policy-1t,1,2.7970,2.9044,151
BKW11,BKW,rl-policy-1t,2,2.8123,2.9071,151
BKW12,BKW,rl-policy-1t,0,4.8672,5.0847,302
BKW12,BKW,rl-policy-1t,1,4.9204,5.0986,302
BKW12,BKW,rl-policy-1t,2,4.7660,4.8546,302
BKW13,BKW,rl-policy-1t,0,44.9845,46.1193,962
BKW13,BKW,rl-policy-1t,1,43.9788,46.5906,962
BKW13,BKW,rl-policy-1t,2,47.7780,51.4894,962
N1A,NT,rl-policy-1t,0,0.1383,0.1387,219
N1A,NT,rl-policy-1t,1,0.1389,0.1398,219
N1A,NT,rl-policy-1t,2,0.1510,0.1527,219
N1B,NT,rl-policy-1t,0,0.1452,0.1461,228
N1B,NT,rl-policy-1t,1,0.1427,0.1436,228
N1B,NT,rl-policy-1t,2,0.1390,0.1394,228
N1C,NT,rl-policy-1t,0,0.1470,0.1482,222
N1C,NT,rl-policy-1t,1,0.1520,0.1526,222
N1C,NT,rl-policy-1t,2,0.1408,0.1412,222
N1D,NT,rl-policy-1t,0,0.1393,0.1399,222
N1D,NT,rl-policy-1t,1,0.1431,0.1445,222
N1D,NT,rl-policy-1t,2,0.1493,0.1503,222
N1E,NT,rl-policy-1t,0,0.1442,0.1450,221
N1E,NT,rl-policy-1t,1,0.1379,0.1383,221
N1E,NT,rl-policy-1t,2,0.1476,0.1482,221
N2A,NT,rl-policy-1t,0,0.2118,0.2137,223
N2A,NT,rl-policy-1t,1,0.2052,0.2056,223
N2A,NT,rl-policy-1t,2,0.2195,0.2210,223
N2B,NT,rl-policy-1t,0,0.2175,0.2188,226
N2B,NT,rl-policy-1t,1,0.2134,0.2155,226
N2B,NT,rl-policy-1t,2,0.2208,0.2493,226
N2C,NT,rl-policy-1t,0,0.2102,0.2112,237
N2C,NT,rl-policy-1t,1,0.2165,0.2174,237
N2C,NT,rl-policy-1t,2,0.2203,0.2209,237
N2D,NT,rl-policy-1t,0,0.2174,0.2187,217
N2D,NT,rl-policy-1t,1,0.2249,0.2268,217
N2D,NT,rl-policy-1t,2,0.2303,0.2323,217
N2E,NT,rl-policy-1t,0,0.2209,0.2215,228
N2E,NT,rl-policy-1t,1,0.2191,0.2206,228
N2E,NT,rl-policy-1t,2,0.2099,0.2104,228
N3A,NT,rl-policy-1t,0,0.2571,0.2593,226
N3A,NT,rl-policy-1t,1,0.2541,0.2549,226
N3A,NT,rl-policy-1t,2,0.2598,0.2614,226
N3B,NT,rl-policy-1t,0,0.2557,0.2565,237
N3B,NT,rl-policy-1t,1,0.2483,0.2489,237
N3B,NT,rl-policy-1t,2,0.2557,0.2570,237
N3C,NT,rl-policy-1t,0,0.2553,0.2571,224
N3C,NT,rl-policy-1t,1,0.2547,0.2570,224
N3C,NT,rl-policy-1t,2,0.2538,0.2546,224
N3D,NT,rl-policy-1t,0,0.2474,0.2484,221
N3D,NT,rl-policy-1t,1,0.2576,0.2587,221
N3D,NT,rl-policy-1t,2,0.2608,0.2621,221
N3E,NT,rl-policy-1t,0,0.2499,0.2515,220
N3E,NT,rl-policy-1t,1,0.2558,0.2578,220
N3E,NT,rl-policy-1t,2,0.2600,0.2621,220
N4A,NT,rl-policy-1t,0,0.4576,0.4662,225
N4A,NT,rl-policy-1t,1,0.4509,0.4547,225
N4A,NT,rl-policy-1t,2,0.4475,0.4578,225
N4B,NT,rl-policy-1t,0,0.4428,0.4471,220
N4B,NT,rl-policy-1t,1,0.4260,0.4276,220
N4B,NT,rl-policy-1t,2,0.4444,0.4468,220
N4C,NT,rl-policy-1t,0,0.4391,0.4414,210
N4C,NT,rl-policy-1t,1,0.4214,0.4228,210
N4C,NT,rl-policy-1t,2,0.4259,0.4282,210
N4D,NT,rl-policy-1t,0,0.4328,0.4350,213
N4D,NT,rl-policy-1t,1,0.4459,0.4491,213
N4D,NT,rl-policy-1t,2,0.4358,0.4387,213
N4E,NT,rl-policy-1t,0,0.4380,0.4417,210
N4E,NT,rl-policy-1t,1,0.4393,0.4440,210
N4E,NT,rl-policy-1t,2,0.4430,0.4522,210
N5A,NT,rl-policy-1t,0,0.6697,0.6761,212
N5A,NT,rl-policy-1t,1,0.6564,0.6605,212
N5A,NT,rl-policy-1t,2,0.6471,0.6550,212
N5B,NT,rl-policy-1t,0,0.6305,0.6332,213
N5B,NT,rl-policy-1t,1,0.6549,0.6916,213
N5B,NT,rl-policy-1t,2,0.6869,0.6988,213
N5C,NT,rl-policy-1t,0,0.6577,0.6616,213
N5C,NT,rl-policy-1t,1,0.6591,0.6637,213
N5C,NT,rl-policy-1t,2,0.6542,0.6566,213
N5D,NT,rl-policy-1t,0,0.6535,0.6584,208
N5D,NT,rl-policy-1t,1,0.6704,0.6762,208
N5D,NT,rl-policy-1t,2,0.6650,0.6694,208
N5E,NT,rl-policy-1t,0,0.6623,0.6680,207
N5E,NT,rl-policy-1t,1,0.6600,0.6642,207
N5E,NT,rl-policy-1t,2,0.6578,0.6627,207
N6A,NT,rl-policy-1t,0,0.8991,0.9311,216
N6A,NT,rl-policy-1t,1,0.8999,0.9782,216
N6A,NT,rl-policy-1t,2,0.8853,0.8994,216
N6B,NT,rl-policy-1t,0,0.8708,0.9021,205
N6B,NT,rl-policy-1t,1,0.8877,0.9137,205
N6B,NT,rl-policy-1t,2,0.8535,0.8601,205
N6C,NT,rl-policy-1t,0,0.8772,0.8824,212
N6C,NT,rl-policy-1t,1,0.8587,0.8632,212
N6C,NT,rl-policy-1t,2,0.8542,0.8578,212
N6D,NT,rl-policy-1t,0,0.8620,0.8674,214
N6D,NT,rl-policy-1t,1,0.8625,0.8676,214
N6D,NT,rl-policy-1t,2,0.8930,0.8983,214
N6E,NT,rl-policy-1t,0,0.8841,0.8893,216
N6E,NT,rl-policy-1t,1,0.8743,0.8804,216
N6E,NT,rl-policy-1t,2,0.8777,0.9120,216
N7A,NT,rl-policy-1t,0,1.7781,1.7871,203
N7A,NT,rl-policy-1t,1,1.7605,1.7680,203
N7A,NT,rl-policy-1t,2,1.7993,1.8098,203
N7B,NT,rl-policy-1t,0,1.7943,1.8042,204
N7B,NT,rl-policy-1t,1,1.7688,1.7791,204
N7B,NT,rl-policy-1t,2,1.7645,1.7755,204
N7C,NT,rl-policy-1t,0,1.7259,1.7637,203
N7C,NT,rl-policy-1t,1,1.7498,1.7586,203
N7C,NT,rl-policy-1t,2,1.7715,1.7804,203
N7D,NT,rl-policy-1t,0,1.7485,1.7555,203
N7D,NT,rl-policy-1t,1,1.8281,1.8511,203
N7D,NT,rl-policy-1t,2,1.8283,1.8652,203
N7E,NT,rl-policy-1t,0,1.8411,2.0789,204
N7E,NT,rl-policy-1t,1,1.8038,1.8257,204
N7E,NT,rl-policy-1t,2,1.7991,1.8076,204
T1A,NT,rl-policy-1t,0,0.1476,0.1482,229
T1A,NT,rl-policy-1t,1,0.1569,0.1586,229
T1A,NT,rl-policy-1t,2,0.1461,0.1468,229
T1B,NT,rl-policy-1t,0,0.1529,0.1541,222
T1B,NT,rl-policy-1t,1,0.1489,0.1493,222
T1B,NT,rl-policy-1t,2,0.1403,0.1414,222
T1C,NT,rl-policy-1t,0,0.1481,0.1514,247
T1C,NT,rl-policy-1t,1,0.1664,0.1827,247
T1C,NT,rl-policy-1t,2,0.1641,0.1747,247
T1D,NT,rl-policy-1t,0,0.1480,0.1486,210
T1D,NT,rl-policy-1t,1,0.1474,0.1494,210
T1D,NT,rl-policy-1t,2,0.1513,0.1533,210
T1E,NT,rl-policy-1t,0,0.1533,0.1568,231
T1E,NT,rl-policy-1t,1,0.1474,0.1490,231
T1E,NT,rl-policy-1t,2,0.1546,0.1562,231
T2A,NT,rl-policy-1t,0,0.2228,0.2253,238
T2A,NT,rl-policy-1t,1,0.2139,0.2200,238
T2A,NT,rl-policy-1t,2,0.2333,0.2428,238
T2B,NT,rl-policy-1t,0,0.2209,0.2287,222
T2B,NT,rl-policy-1t,1,0.2215,0.2235,222
T2B,NT,rl-policy-1t,2,0.2181,0.2201,222
T2C,NT,rl-policy-1t,0,0.2169,0.2380,242
T2C,NT,rl-policy-1t,1,0.2104,0.2114,242
T2C,NT,rl-policy-1t,2,0.2146,0.2164,242
T2D,NT,rl-policy-1t,0,0.2179,0.2785,228
T2D,NT,rl-policy-1t,1,0.2265,0.2385,228
T2D,NT,rl-policy-1t,2,0.2227,0.2264,228
T2E,NT,rl-policy-1t,0,0.2275,0.2314,226
T2E,NT,rl-policy-1t,1,0.2320,0.2363,226
T2E,NT,rl-policy-1t,2,0.2275,0.2338,226
T3A,NT,rl-policy-1t,0,0.2566,0.2644,221
T3A,NT,rl-policy-1t,1,0.2688,0.2722,221
T3A,NT,rl-policy-1t,2,0.2653,0.2695,221
T3B,NT,rl-policy-1t,0,0.2526,0.2586,214
T3B,NT,rl-policy-1t,1,0.2635,0.2693,214
T3B,NT,rl-policy-1t,2,0.2762,0.2848,214
T3C,NT,rl-policy-1t,0,0.2605,0.2635,213
T3C,NT,rl-policy-1t,1,0.2558,0.2587,213
T3C,NT,rl-policy-1t,2,0.2611,0.2717,213
T3D,NT,rl-policy-1t,0,0.2745,0.2829,226
T3D,NT,rl-policy-1t,1,0.2488,0.2573,226
T3D,NT,rl-policy-1t,2,0.2697,0.2757,226
T3E,NT,rl-policy-1t,0,0.2679,0.2706,237
T3E,NT,rl-policy-1t,1,0.2576,0.2614,237
T3E,NT,rl-policy-1t,2,0.2664,0.2808,237
T4A,NT,rl-policy-1t,0,0.4377,0.4412,212
T4A,NT,rl-policy-1t,1,0.4597,0.4787,212
T4A,NT,rl-policy-1t,2,0.4563,0.4677,212
T4B,NT,rl-policy-1t,0,0.4579,0.4665,210
T4B,NT,rl-policy-1t,1,0.4850,0.6132,210
T4B,NT,rl-policy-1t,2,0.4504,0.4683,210
T4C,NT,rl-policy-1t,0,0.4414,0.4502,213
T4C,NT,rl-policy-1t,1,0.4392,0.4460,213
T4C,NT,rl-policy-1t,2,0.4353,0.4395,213
T4D,NT,rl-policy-1t,0,0.4229,0.4245,225
T4D,NT,rl-policy-1t,1,0.4400,0.4428,225
T4D,NT,rl-policy-1t,2,0.4401,0.4443,225
T4E,NT,rl-policy-1t,0,0.4557,0.4646,220
T4E,NT,rl-policy-1t,1,0.4487,0.4535,220
T4E,NT,rl-policy-1t,2,0.4328,0.4388,220
T5A,NT,rl-policy-1t,0,0.6810,0.6932,213
T5A,NT,rl-policy-1t,1,0.6539,0.6621,213
T5A,NT,rl-policy-1t,2,0.6613,0.6699,213
T5B,NT,rl-policy-1t,0,0.6786,0.6902,214
T5B,NT,rl-policy-1t,1,0.6686,0.6782,214
T5B,NT,rl-policy-1t,2,0.6614,0.6688,214
T5C,NT,rl-policy-1t,0,0.6592,0.6638,212
T5C,NT,rl-policy-1t,1,0.6370,0.6490,212
T5C,NT,rl-policy-1t,2,0.6431,0.6491,212
T5D,NT,rl-policy-1t,0,0.6619,0.6716,208
T5D,NT,rl-policy-1t,1,0.6554,0.6610,208
T5D,NT,rl-policy-1t,2,0.6601,0.6689,208
T5E,NT,rl-policy-1t,0,0.6301,0.6336,213
T5E,NT,rl-policy-1t,1,0.6588,0.6933,213
T5E,NT,rl-policy-1t,2,0.6800,0.6944,213
T6A,NT,rl-policy-1t,0,0.8658,0.8729,216
T6A,NT,rl-policy-1t,1,0.7670,0.7698,216
T6A,NT,rl-policy-1t,2,0.8241,0.8304,216
T6B,NT,rl-policy-1t,0,0.8915,0.9023,212
T6B,NT,rl-policy-1t,1,0.8597,0.8663,212
T6B,NT,rl-policy-1t,2,0.8306,0.8357,212
T6C,NT,rl-policy-1t,0,0.8459,0.8841,216
T6C,NT,rl-policy-1t,1,0.8420,0.8465,216
T6C,NT,rl-policy-1t,2,0.8639,0.8715,216
T6D,NT,rl-policy-1t,0,0.8661,0.8792,205
T6D,NT,rl-policy-1t,1,0.8418,0.8534,205
T6D,NT,rl-policy-1t,2,0.8671,0.8783,205
T6E,NT,rl-policy-1t,0,0.8465,0.8564,209
T6E,NT,rl-policy-1t,1,0.8493,0.8773,209
T6E,NT,rl-policy-1t,2,0.8455,0.8523,209
T7A,NT,rl-policy-1t,0,1.8325,1.8654,203
T7A,NT,rl-policy-1t,1,1.7857,1.8210,203
T7A,NT,rl-policy-1t,2,1.7874,1.8293,203
T7B,NT,rl-policy-1t,0,1.7680,1.7852,203
T7B,NT,rl-policy-1t,1,1.8096,1.8375,203
T7B,NT,rl-policy-1t,2,1.7969,1.8267,203
T7C,NT,rl-policy-1t,0,1.7689,1.8122,206
T7C,NT,rl-policy-1t,1,1.7929,1.8212,206
T7C,NT,rl-policy-1t,2,1.8316,1.8601,206
T7D,NT,rl-policy-1t,0,1.8058,1.8595,204
T7D,NT,rl-policy-1t,1,1.7799,1.8095,204
T7D,NT,rl-policy-1t,2,1.8300,1.8623,204
T7E,NT,rl-policy-1t,0,1.8243,1.8481,205
T7E,NT,rl-policy-1t,1,1.7805,1.8494,205
T7E,NT,rl-policy-1t,2,1.7928,1.8135,205
