instance,family,budget_s,gap,wall_s,cpu_s
C1P1,C,0.2,0.0000,0.007,0.007
C1P1,C,1.0,0.0000,0.006,0.006
C1P1,C,5.0,0.0000,0.007,0.006
C1P1,C,20.0,0.0000,0.006,0.006
C1P1,C,60.0,0.0000,0.006,0.006
C1P2,C,0.2,5.0000,0.200,0.193
C1P2,C,1.0,5.0000,1.000,0.951
C1P2,C,5.0,0.0000,2.598,2.366
C1P2,C,20.0,0.0000,2.442,2.344
C1P2,C,60.0,0.0000,2.742,2.354
C1P3,C,0.2,0.0000,0.001,0.001
C1P3,C,1.0,0.0000,0.001,0.001
C1P3,C,5.0,0.0000,0.001,0.001
C1P3,C,20.0,0.0000,0.001,0.001
C1P3,C,60.0,0.0000,0.001,0.001
C2P1,C,0.2,0.0000,0.051,0.049
C2P1,C,1.0,0.0000,0.049,0.048
C2P1,C,5.0,0.0000,0.049,0.048
C2P1,C,20.0,0.0000,0.048,0.048
C2P1,C,60.0,0.0000,0.049,0.048
C2P2,C,0.2,0.0000,0.061,0.060
C2P2,C,1.0,0.0000,0.063,0.060
C2P2,C,5.0,0.0000,0.060,0.059
C2P2,C,20.0,0.0000,0.063,0.060
C2P2,C,60.0,0.0000,0.062,0.059
C2P3,C,0.2,0.0000,0.001,0.001
C2P3,C,1.0,0.0000,0.001,0.001
C2P3,C,5.0,0.0000,0.001,0.001
C2P3,C,20.0,0.0000,0.001,0.001
C2P3,C,60.0,0.0000,0.001,0.001
C3P1,C,0.2,3.3333,0.200,0.192
C3P1,C,1.0,0.0000,0.723,0.699
C3P1,C,5.0,0.0000,0.714,0.693
C3P1,C,20.0,0.0000,0.810,0.717
C3P1,C,60.0,0.0000,0.715,0.697
C3P2,C,0.2,6.6667,0.200,0.197
C3P2,C,1.0,3.3333,1.000,0.983
C3P2,C,5.0,3.3333,5.001,4.527
C3P2,C,20.0,3.3333,20.002,17.414
C3P2,C,60.0,3.3333,60.000,55.655
C3P3,C,0.2,0.0000,0.019,0.018
C3P3,C,1.0,0.0000,0.018,0.018
C3P3,C,5.0,0.0000,0.018,0.018
C3P3,C,20.0,0.0000,0.019,0.018
C3P3,C,60.0,0.0000,0.018,0.018
C4P1,C,0.2,3.3333,0.200,0.195
C4P1,C,1.0,3.3333,1.001,0.947
C4P1,C,5.0,1.6667,5.000,4.863
C4P1,C,20.0,1.6667,20.000,19.196
C4P1,C,60.0,1.6667,60.000,57.932
C4P2,C,0.2,1.6667,0.200,0.171
C4P2,C,1.0,1.6667,1.000,0.938
C4P2,C,5.0,1.6667,5.000,4.974
C4P2,C,20.0,1.6667,20.001,19.516
C4P2,C,60.0,1.6667,60.000,59.210
C4P3,C,0.2,1.6667,0.200,0.200
C4P3,C,1.0,1.6667,1.000,0.998
C4P3,C,5.0,1.6667,5.000,4.936
C4P3,C,20.0,1.6667,20.000,19.824
C4P3,C,60.0,0.0000,23.818,23.654
C5P1,C,0.2,1.1111,0.201,0.196
C5P1,C,1.0,1.1111,1.000,0.971
C5P1,C,5.0,1.1111,5.000,4.982
C5P1,C,20.0,1.1111,20.000,19.786
C5P1,C,60.0,1.1111,60.000,58.895
C5P2,C,0.2,1.1111,0.200,0.188
C5P2,C,1.0,1.1111,1.001,0.993
C5P2,C,5.0,1.1111,5.001,4.942
C5P2,C,20.0,1.1111,20.000,19.786
C5P2,C,60.0,1.1111,60.000,59.019
C5P3,C,0.2,2.2222,0.201,0.200
C5P3,C,1.0,2.2222,1.001,0.994
C5P3,C,5.0,1.1111,5.001,4.969
C5P3,C,20.0,1.1111,20.001,19.793
C5P3,C,60.0,1.1111,60.001,59.310
C6P1,C,0.2,1.6667,0.201,0.200
C6P1,C,1.0,0.8333,1.001,0.945
C6P1,C,5.0,0.8333,5.001,4.980
C6P1,C,20.0,0.8333,20.001,19.901
C6P1,C,60.0,0.8333,60.000,59.657
C6P2,C,0.2,0.8333,0.201,0.201
C6P2,C,1.0,0.8333,1.000,0.995
C6P2,C,5.0,0.8333,5.000,4.969
C6P2,C,20.0,0.8333,20.001,19.192
C6P2,C,60.0,0.8333,60.000,59.608
C6P3,C,0.2,1.6667,0.200,0.200
C6P3,C,1.0,1.6667,1.001,1.000
C6P3,C,5.0,0.8333,5.000,4.994
C6P3,C,20.0,0.8333,20.001,19.961
C6P3,C,60.0,0.8333,60.001,59.736
C7P1,C,0.2,0.4167,0.205,0.204
C7P1,C,1.0,0.4167,1.002,1.000
C7P1,C,5.0,0.4167,5.002,4.912
C7P1,C,20.0,0.4167,20.004,19.740
C7P1,C,60.0,0.4167,60.001,59.899
C7P2,C,0.2,0.8333,0.203,0.202
C7P2,C,1.0,0.4167,1.002,0.999
C7P2,C,5.0,0.4167,5.003,5.000
C7P2,C,20.0,0.4167,20.001,19.984
C7P2,C,60.0,0.4167,60.001,59.881
C7P3,C,0.2,1.2500,0.203,0.203
C7P3,C,1.0,0.8333,1.002,1.002
C7P3,C,5.0,0.4167,5.001,4.996
C7P3,C,20.0,0.4167,20.003,19.985
C7P3,C,60.0,0.4167,60.002,59.954
BKW01,BKW,0.2,0.0000,0.000,0.000
BKW01,BKW,1.0,0.0000,0.000,0.000
BKW01,BKW,5.0,0.0000,0.000,0.000
BKW01,BKW,20.0,0.0000,0.000,0.000
BKW01,BKW,60.0,0.0000,0.000,0.000
BKW02,BKW,0.2,0.0000,0.004,0.004
BKW02,BKW,1.0,0.0000,0.005,0.005
BKW02,BKW,5.0,0.0000,0.005,0.005
BKW02,BKW,20.0,0.0000,0.004,0.004
BKW02,BKW,60.0,0.0000,0.003,0.003
BKW03,BKW,0.2,4.0000,0.200,0.200
BKW03,BKW,1.0,0.0000,0.802,0.802
BKW03,BKW,5.0,0.0000,0.807,0.806
BKW03,BKW,20.0,0.0000,0.793,0.792
BKW03,BKW,60.0,0.0000,0.794,0.794
BKW04,BKW,0.2,1.2500,0.200,0.200
BKW04,BKW,1.0,1.2500,1.000,1.000
BKW04,BKW,5.0,0.0000,1.213,1.213
BKW04,BKW,20.0,0.0000,1.200,1.199
BKW04,BKW,60.0,0.0000,1.192,1.192
BKW05,BKW,0.2,0.0000,0.163,0.162
BKW05,BKW,1.0,0.0000,0.167,0.167
BKW05,BKW,5.0,0.0000,0.180,0.180
BKW05,BKW,20.0,0.0000,0.168,0.168
BKW05,BKW,60.0,0.0000,0.164,0.164
BKW06,BKW,0.2,2.0000,0.200,0.200
BKW06,BKW,1.0,1.0000,1.000,1.000
BKW06,BKW,5.0,1.0000,5.000,4.997
BKW06,BKW,20.0,1.0000,20.000,19.987
BKW06,BKW,60.0,1.0000,60.000,59.947
BKW07,BKW,0.2,0.0000,0.009,0.009
BKW07,BKW,1.0,0.0000,0.008,0.008
BKW07,BKW,5.0,0.0000,0.008,0.008
BKW07,BKW,20.0,0.0000,0.008,0.008
BKW07,BKW,60.0,0.0000,0.008,0.008
BKW08,BKW,0.2,1.2500,0.200,0.200
BKW08,BKW,1.0,1.2500,1.001,1.000
BKW08,BKW,5.0,1.2500,5.001,4.996
BKW08,BKW,20.0,1.2500,20.000,19.985
BKW08,BKW,60.0,1.2500,60.000,59.939
BKW09,BKW,0.2,1.3333,0.200,0.200
BKW09,BKW,1.0,0.6667,1.000,0.998
BKW09,BKW,5.0,0.6667,5.001,4.995
BKW09,BKW,20.0,0.6667,20.000,19.982
BKW09,BKW,60.0,0.6667,60.001,59.955
BKW10,BKW,0.2,0.6667,0.200,0.200
BKW10,BKW,1.0,0.6667,1.003,1.002
BKW10,BKW,5.0,0.6667,5.001,4.997
BKW10,BKW,20.0,0.6667,20.002,19.981
BKW10,BKW,60.0,0.0000,22.779,22.759
BKW11,BKW,0.2,0.6667,0.206,0.206
BKW11,BKW,1.0,0.6667,1.004,1.003
BKW11,BKW,5.0,0.6667,5.004,5.002
BKW11,BKW,20.0,0.6667,20.000,19.984
BKW11,BKW,60.0,0.6667,60.007,59.149
BKW12,BKW,0.2,0.3333,0.212,0.212
BKW12,BKW,1.0,0.3333,1.012,1.010
BKW12,BKW,5.0,0.3333,5.001,4.995
BKW12,BKW,20.0,0.3333,20.019,19.995
BKW12,BKW,60.0,0.3333,60.004,59.930
BKW13,BKW,0.2,0.4167,3.468,3.465
BKW13,BKW,1.0,0.4167,3.558,3.555
BKW13,BKW,5.0,0.3125,5.345,5.340
BKW13,BKW,20.0,0.1042,20.099,20.073
BKW13,BKW,60.0,0.1042,60.207,60.085
N1A,NT,0.2,0.0000,0.070,0.068
N1A,NT,1.0,0.0000,0.068,0.068
N1A,NT,5.0,0.0000,0.067,0.067
N1A,NT,20.0,0.0000,0.066,0.066
N1A,NT,60.0,0.0000,0.063,0.063
N1B,NT,0.2,0.0000,0.014,0.014
N1B,NT,1.0,0.0000,0.015,0.015
N1B,NT,5.0,0.0000,0.015,0.015
N1B,NT,20.0,0.0000,0.015,0.015
N1B,NT,60.0,0.0000,0.016,0.016
N1C,NT,0.2,0.0000,0.001,0.001
N1C,NT,1.0,0.0000,0.001,0.001
N1C,NT,5.0,0.0000,0.001,0.001
N1C,NT,20.0,0.0000,0.001,0.001
N1C,NT,60.0,0.0000,0.001,0.001
N1D,NT,0.2,0.0000,0.019,0.019
N1D,NT,1.0,0.0000,0.019,0.019
N1D,NT,5.0,0.0000,0.019,0.019
N1D,NT,20.0,0.0000,0.019,0.019
N1D,NT,60.0,0.0000,0.020,0.020
N1E,NT,0.2,0.0000,0.003,0.003
N1E,NT,1.0,0.0000,0.003,0.003
N1E,NT,5.0,0.0000,0.003,0.003
N1E,NT,20.0,0.0000,0.004,0.004
N1E,NT,60.0,0.0000,0.005,0.005
N2A,NT,0.2,6.0000,0.200,0.199
N2A,NT,1.0,4.5000,1.000,0.997
N2A,NT,5.0,4.0000,5.000,4.991
N2A,NT,20.0,3.5000,20.000,19.737
N2A,NT,60.0,3.0000,60.000,59.931
N2B,NT,0.2,5.0000,0.200,0.200
N2B,NT,1.0,4.5000,1.000,0.999
N2B,NT,5.0,4.0000,5.000,4.995
N2B,NT,20.0,0.0000,19.602,19.575
N2B,NT,60.0,0.0000,20.393,19.831
N2C,NT,0.2,3.5000,0.200,0.200
N2C,NT,1.0,3.5000,1.000,0.999
N2C,NT,5.0,3.5000,5.000,4.991
N2C,NT,20.0,0.0000,9.337,9.326
N2C,NT,60.0,0.0000,9.588,9.575
N2D,NT,0.2,6.5000,0.200,0.200
N2D,NT,1.0,5.0000,1.000,0.999
N2D,NT,5.0,3.5000,5.000,4.995
N2D,NT,20.0,3.5000,20.000,19.971
N2D,NT,60.0,3.5000,60.000,59.927
N2E,NT,0.2,6.0000,0.200,0.200
N2E,NT,1.0,5.0000,1.000,0.999
N2E,NT,5.0,4.5000,5.000,4.992
N2E,NT,20.0,3.0000,20.000,19.967
N2E,NT,60.0,3.0000,60.000,59.897
N3A,NT,0.2,5.5000,0.200,0.200
N3A,NT,1.0,5.5000,1.000,0.999
N3A,NT,5.0,4.5000,5.000,4.991
N3A,NT,20.0,3.5000,20.000,19.978
N3A,NT,60.0,3.5000,60.000,59.919
N3B,NT,0.2,5.5000,0.200,0.200
N3B,NT,1.0,5.0000,1.000,0.999
N3B,NT,5.0,3.5000,5.000,4.744
N3B,NT,20.0,3.5000,20.000,19.975
N3B,NT,60.0,3.5000,60.000,59.650
N3C,NT,0.2,6.0000,0.200,0.200
N3C,NT,1.0,4.0000,1.000,0.998
N3C,NT,5.0,4.0000,5.000,4.994
N3C,NT,20.0,4.0000,20.000,19.979
N3C,NT,60.0,3.0000,60.000,59.918
N3D,NT,0.2,4.5000,0.200,0.200
N3D,NT,1.0,4.5000,1.000,0.992
N3D,NT,5.0,2.5000,5.000,4.993
N3D,NT,20.0,0.0000,6.836,6.821
N3D,NT,60.0,0.0000,6.825,6.813
N3E,NT,0.2,5.5000,0.200,0.200
N3E,NT,1.0,5.5000,1.000,0.999
N3E,NT,5.0,2.5000,5.000,4.993
N3E,NT,20.0,2.5000,20.000,19.925
N3E,NT,60.0,2.5000,60.000,59.378
N4A,NT,0.2,4.5000,0.200,0.200
N4A,NT,1.0,4.5000,1.001,1.000
N4A,NT,5.0,3.0000,5.000,4.984
N4A,NT,20.0,3.0000,20.000,19.975
N4A,NT,60.0,3.0000,60.000,59.149
N4B,NT,0.2,6.0000,0.200,0.200
N4B,NT,1.0,4.0000,1.000,0.999
N4B,NT,5.0,4.0000,5.000,4.994
N4B,NT,20.0,3.5000,20.000,19.964
N4B,NT,60.0,3.5000,60.000,59.788
N4C,NT,0.2,3.0000,0.200,0.200
N4C,NT,1.0,3.0000,1.000,0.999
N4C,NT,5.0,3.0000,5.000,4.993
N4C,NT,20.0,2.5000,20.001,19.733
N4C,NT,60.0,2.0000,60.000,59.598
N4D,NT,0.2,4.5000,0.200,0.200
N4D,NT,1.0,4.0000,1.001,0.999
N4D,NT,5.0,2.5000,5.001,4.993
N4D,NT,20.0,2.5000,20.000,19.973
N4D,NT,60.0,2.5000,60.000,59.622
N4E,NT,0.2,5.0000,0.200,0.200
N4E,NT,1.0,5.0000,1.001,1.000
N4E,NT,5.0,4.0000,5.001,4.993
N4E,NT,20.0,3.0000,20.000,19.966
N4E,NT,60.0,3.0000,60.000,59.885
N5A,NT,0.2,2.5000,0.201,0.200
N5A,NT,1.0,2.5000,1.000,0.998
N5A,NT,5.0,2.5000,5.001,4.996
N5A,NT,20.0,2.5000,20.000,19.969
N5A,NT,60.0,2.0000,60.001,59.873
N5B,NT,0.2,3.0000,0.201,0.200
N5B,NT,1.0,3.0000,1.000,0.999
N5B,NT,5.0,2.5000,5.001,4.993
N5B,NT,20.0,2.5000,20.001,19.932
N5B,NT,60.0,2.0000,60.001,59.832
N5C,NT,0.2,4.0000,0.201,0.200
N5C,NT,1.0,4.0000,1.001,1.000
N5C,NT,5.0,3.0000,5.001,4.995
N5C,NT,20.0,2.0000,20.001,19.965
N5C,NT,60.0,2.0000,60.001,59.630
N5D,NT,0.2,4.5000,0.201,0.200
N5D,NT,1.0,4.0000,1.000,0.999
N5D,NT,5.0,3.0000,5.001,4.992
N5D,NT,20.0,3.0000,20.001,19.942
N5D,NT,60.0,3.0000,60.001,59.774
N5E,NT,0.2,3.5000,0.200,0.200
N5E,NT,1.0,3.5000,1.001,0.996
N5E,NT,5.0,3.0000,5.000,4.981
N5E,NT,20.0,2.5000,20.001,19.721
N5E,NT,60.0,2.5000,60.001,58.970
N6A,NT,0.2,3.5000,0.201,0.200
N6A,NT,1.0,3.0000,1.000,0.999
N6A,NT,5.0,2.5000,5.001,4.995
N6A,NT,20.0,2.0000,20.001,19.968
N6A,NT,60.0,2.0000,60.000,59.867
N6B,NT,0.2,3.0000,0.201,0.201
N6B,NT,1.0,3.0000,1.000,0.998
N6B,NT,5.0,2.0000,5.000,4.740
N6B,NT,20.0,2.0000,20.001,19.974
N6B,NT,60.0,1.5000,60.000,59.878
N6C,NT,0.2,2.0000,0.201,0.201
N6C,NT,1.0,2.0000,1.001,0.999
N6C,NT,5.0,2.0000,5.000,4.987
N6C,NT,20.0,2.0000,20.000,19.951
N6C,NT,60.0,1.5000,60.002,59.904
N6D,NT,0.2,2.0000,0.201,0.201
N6D,NT,1.0,2.0000,1.001,1.000
N6D,NT,5.0,2.0000,5.000,4.996
N6D,NT,20.0,2.0000,20.002,19.966
N6D,NT,60.0,2.0000,60.001,59.880
N6E,NT,0.2,3.5000,0.200,0.200
N6E,NT,1.0,3.0000,1.000,1.000
N6E,NT,5.0,2.5000,5.001,4.996
N6E,NT,20.0,2.0000,20.001,19.914
N6E,NT,60.0,1.5000,60.000,59.873
N7A,NT,0.2,1.0000,0.202,0.202
N7A,NT,1.0,1.0000,1.004,1.003
N7A,NT,5.0,1.0000,5.003,4.996
N7A,NT,20.0,1.0000,20.004,19.969
N7A,NT,60.0,0.5000,60.005,59.920
N7B,NT,0.2,3.0000,0.200,0.200
N7B,NT,1.0,1.5000,1.000,0.999
N7B,NT,5.0,1.5000,5.001,4.994
N7B,NT,20.0,1.0000,20.004,19.977
N7B,NT,60.0,0.5000,60.002,59.435
N7C,NT,0.2,1.0000,0.201,0.201
N7C,NT,1.0,1.0000,1.004,1.003
N7C,NT,5.0,0.5000,5.003,4.964
N7C,NT,20.0,0.5000,20.002,19.772
N7C,NT,60.0,0.5000,60.002,59.459
N7D,NT,0.2,3.0000,0.203,0.203
N7D,NT,1.0,3.0000,1.003,1.002
N7D,NT,5.0,1.5000,5.002,4.997
N7D,NT,20.0,1.0000,20.004,19.775
N7D,NT,60.0,0.5000,60.004,59.914
N7E,NT,0.2,1.5000,0.203,0.203
N7E,NT,1.0,1.5000,1.001,1.000
N7E,NT,5.0,1.5000,5.001,4.991
N7E,NT,20.0,1.0000,20.001,19.975
N7E,NT,60.0,0.5000,60.002,59.845
T1A,NT,0.2,0.0000,0.004,0.004
T1A,NT,1.0,0.0000,0.004,0.004
T1A,NT,5.0,0.0000,0.004,0.004
T1A,NT,20.0,0.0000,0.004,0.004
T1A,NT,60.0,0.0000,0.004,0.004
T1B,NT,0.2,0.0000,0.021,0.021
T1B,NT,1.0,0.0000,0.021,0.021
T1B,NT,5.0,0.0000,0.021,0.021
T1B,NT,20.0,0.0000,0.018,0.018
T1B,NT,60.0,0.0000,0.017,0.017
T1C,NT,0.2,0.0000,0.010,0.010
T1C,NT,1.0,0.0000,0.011,0.011
T1C,NT,5.0,0.0000,0.009,0.009
T1C,NT,20.0,0.0000,0.009,0.009
T1C,NT,60.0,0.0000,0.011,0.011
T1D,NT,0.2,0.0000,0.025,0.025
T1D,NT,1.0,0.0000,0.029,0.029
T1D,NT,5.0,0.0000,0.028,0.028
T1D,NT,20.0,0.0000,0.028,0.028
T1D,NT,60.0,0.0000,0.026,0.026
T1E,NT,0.2,0.0000,0.005,0.005
T1E,NT,1.0,0.0000,0.005,0.005
T1E,NT,5.0,0.0000,0.005,0.005
T1E,NT,20.0,0.0000,0.007,0.007
T1E,NT,60.0,0.0000,0.006,0.007
T2A,NT,0.2,0.0000,0.020,0.020
T2A,NT,1.0,0.0000,0.021,0.021
T2A,NT,5.0,0.0000,0.018,0.018
T2A,NT,20.0,0.0000,0.021,0.021
T2A,NT,60.0,0.0000,0.022,0.022
T2B,NT,0.2,4.0000,0.200,0.200
T2B,NT,1.0,4.0000,1.000,0.999
T2B,NT,5.0,0.0000,3.547,3.538
T2B,NT,20.0,0.0000,3.525,3.518
T2B,NT,60.0,0.0000,3.597,3.591
T2C,NT,0.2,8.0000,0.200,0.199
T2C,NT,1.0,7.0000,1.000,0.998
T2C,NT,5.0,6.5000,5.000,4.989
T2C,NT,20.0,5.5000,20.000,19.939
T2C,NT,60.0,3.5000,60.000,59.894
T2D,NT,0.2,6.0000,0.200,0.200
T2D,NT,1.0,5.0000,1.000,0.998
T2D,NT,5.0,4.5000,5.000,4.992
T2D,NT,20.0,3.0000,20.000,19.931
T2D,NT,60.0,3.0000,60.000,59.908
T2E,NT,0.2,5.0000,0.200,0.200
T2E,NT,1.0,4.5000,1.000,0.998
T2E,NT,5.0,4.0000,5.000,4.994
T2E,NT,20.0,3.0000,20.000,19.977
T2E,NT,60.0,0.0000,21.382,21.133
T3A,NT,0.2,4.5000,0.200,0.200
T3A,NT,1.0,4.5000,1.000,0.999
T3A,NT,5.0,2.5000,5.000,4.995
T3A,NT,20.0,0.0000,6.967,6.958
T3A,NT,60.0,0.0000,7.251,7.231
T3B,NT,0.2,7.5000,0.200,0.200
T3B,NT,1.0,6.0000,1.000,1.000
T3B,NT,5.0,5.0000,5.000,4.995
T3B,NT,20.0,4.0000,20.000,19.968
T3B,NT,60.0,3.5000,60.000,59.917
T3C,NT,0.2,6.0000,0.200,0.200
T3C,NT,1.0,4.5000,1.000,0.999
T3C,NT,5.0,4.0000,5.000,4.995
T3C,NT,20.0,4.0000,20.000,19.718
T3C,NT,60.0,0.0000,34.112,33.688
T3D,NT,0.2,5.0000,0.200,0.200
T3D,NT,1.0,2.0000,1.000,0.999
T3D,NT,5.0,2.0000,5.000,4.995
T3D,NT,20.0,2.0000,20.000,19.978
T3D,NT,60.0,2.0000,60.000,59.427
T3E,NT,0.2,5.5000,0.200,0.200
T3E,NT,1.0,5.0000,1.000,0.999
T3E,NT,5.0,3.5000,5.000,4.995
T3E,NT,20.0,3.5000,20.000,19.975
T3E,NT,60.0,3.5000,60.000,59.931
T4A,NT,0.2,4.5000,0.200,0.200
T4A,NT,1.0,3.0000,1.000,1.000
T4A,NT,5.0,3.0000,5.000,4.983
T4A,NT,20.0,2.5000,20.000,19.970
T4A,NT,60.0,2.5000,60.000,59.933
T4B,NT,0.2,3.0000,0.200,0.200
T4B,NT,1.0,3.0000,1.000,1.000
T4B,NT,5.0,3.0000,5.001,4.998
T4B,NT,20.0,2.5000,20.000,19.911
T4B,NT,60.0,2.0000,60.000,59.938
T4C,NT,0.2,4.5000,0.201,0.201
T4C,NT,1.0,4.0000,1.000,0.999
T4C,NT,5.0,2.5000,5.000,4.995
T4C,NT,20.0,2.5000,20.001,19.987
T4C,NT,60.0,2.5000,60.001,59.957
T4D,NT,0.2,4.5000,0.200,0.200
T4D,NT,1.0,4.5000,1.000,1.000
T4D,NT,5.0,3.0000,5.000,4.995
T4D,NT,20.0,3.0000,20.000,19.985
T4D,NT,60.0,3.0000,60.000,59.934
T4E,NT,0.2,5.0000,0.200,0.200
T4E,NT,1.0,4.0000,1.000,1.000
T4E,NT,5.0,3.5000,5.000,4.995
T4E,NT,20.0,3.5000,20.000,19.972
T4E,NT,60.0,3.5000,60.000,59.950
T5A,NT,0.2,4.0000,0.201,0.201
T5A,NT,1.0,3.5000,1.001,1.000
T5A,NT,5.0,3.0000,5.001,4.997
T5A,NT,20.0,2.0000,20.001,19.986
T5A,NT,60.0,2.0000,60.001,59.974
T5B,NT,0.2,3.5000,0.200,0.200
T5B,NT,1.0,3.0000,1.000,1.000
T5B,NT,5.0,2.0000,5.001,4.999
T5B,NT,20.0,2.0000,20.000,19.121
T5B,NT,60.0,2.0000,60.001,59.938
T5C,NT,0.2,2.5000,0.201,0.198
T5C,NT,1.0,2.5000,1.000,1.000
T5C,NT,5.0,2.5000,5.000,4.996
T5C,NT,20.0,2.5000,20.001,19.977
T5C,NT,60.0,2.0000,60.001,59.929
T5D,NT,0.2,4.5000,0.201,0.200
T5D,NT,1.0,4.0000,1.000,0.999
T5D,NT,5.0,3.0000,5.001,4.996
T5D,NT,20.0,3.0000,20.000,19.971
T5D,NT,60.0,3.0000,60.000,59.946
T5E,NT,0.2,3.0000,0.200,0.200
T5E,NT,1.0,3.0000,1.000,0.999
T5E,NT,5.0,2.5000,5.000,4.996
T5E,NT,20.0,2.5000,20.001,19.731
T5E,NT,60.0,2.0000,60.001,59.408
T6A,NT,0.2,3.5000,0.201,0.200
T6A,NT,1.0,3.0000,1.001,0.998
T6A,NT,5.0,2.0000,5.001,4.997
T6A,NT,20.0,2.0000,20.001,19.985
T6A,NT,60.0,1.5000,60.000,59.769
T6B,NT,0.2,2.0000,0.201,0.200
T6B,NT,1.0,2.0000,1.000,1.000
T6B,NT,5.0,2.0000,5.001,4.796
T6B,NT,20.0,2.0000,20.000,19.981
T6B,NT,60.0,1.5000,60.000,59.950
T6C,NT,0.2,3.5000,0.200,0.200
T6C,NT,1.0,3.0000,1.001,0.999
T6C,NT,5.0,2.5000,5.002,4.997
T6C,NT,20.0,2.0000,20.001,19.985
T6C,NT,60.0,1.5000,60.001,59.689
T6D,NT,0.2,3.0000,0.201,0.201
T6D,NT,1.0,3.0000,1.001,1.000
T6D,NT,5.0,2.0000,5.001,4.998
T6D,NT,20.0,2.0000,20.001,19.425
T6D,NT,60.0,1.5000,60.000,59.350
T6E,NT,0.2,2.0000,0.201,0.201
T6E,NT,1.0,2.0000,1.000,1.000
T6E,NT,5.0,2.0000,5.000,4.996
T6E,NT,20.0,1.5000,20.002,19.980
T6E,NT,60.0,1.5000,60.000,59.602
T7A,NT,0.2,1.0000,0.206,0.141
T7A,NT,1.0,0.5000,1.000,0.927
T7A,NT,5.0,0.5000,5.005,4.999
T7A,NT,20.0,0.5000,20.001,19.932
T7A,NT,60.0,0.5000,60.002,59.919
T7B,NT,0.2,1.0000,0.200,0.200
T7B,NT,1.0,1.0000,1.003,1.002
T7B,NT,5.0,1.0000,5.004,4.991
T7B,NT,20.0,1.0000,20.004,19.947
T7B,NT,60.0,0.5000,60.003,59.841
T7C,NT,0.2,1.5000,0.202,0.202
T7C,NT,1.0,1.5000,1.003,1.002
T7C,NT,5.0,1.0000,5.003,4.999
T7C,NT,20.0,1.0000,20.000,19.965
T7C,NT,60.0,0.5000,60.002,59.646
T7D,NT,0.2,1.0000,0.205,0.205
T7D,NT,1.0,1.0000,1.003,1.002
T7D,NT,5.0,1.0000,5.000,4.995
T7D,NT,20.0,0.5000,20.005,19.974
T7D,NT,60.0,0.5000,60.002,59.925
T7E,NT,0.2,2.0000,0.202,0.202
T7E,NT,1.0,1.0000,1.001,0.998
T7E,NT,5.0,1.0000,5.002,4.992
T7E,NT,20.0,1.0000,20.001,19.985
T7E,NT,60.0,0.5000,60.003,59.835
