instance,held,rl_gap,fallback,rl_final,portfolio,best_fixed,oracle
BKW01,BKW,7.5,1,0.0,0.0,0.0,0.0
BKW02,BKW,8.0,1,6.0,4.0,6.0,4.0
BKW03,BKW,6.0,0,6.0,2.0,6.0,2.0
BKW04,BKW,6.25,1,3.75,2.5,3.75,2.5
BKW05,BKW,8.0,1,6.0,3.0,6.0,2.0
BKW06,BKW,3.0,1,2.0,1.0,2.0,1.0
BKW07,BKW,53.0,1,16.0,2.0,16.0,2.0
BKW08,BKW,12.5,1,3.75,2.5,3.75,2.5
BKW09,BKW,5.333333333333333,1,1.3333,1.3333,1.3333,0.6667
BKW10,BKW,2.6666666666666665,1,0.6667,0.6667,0.6667,0.6667
BKW11,BKW,2.0,1,1.3333,0.6667,1.3333,0.6667
BKW12,BKW,1.6666666666666667,1,0.6667,0.6667,0.6667,0.3333
BKW13,BKW,0.4166666666666667,0,0.4166666666666667,0.1042,0.4167,0.0
