tag,variant,held,rl,portfolio,best_fixed,oracle,fallback
main-hold-C,main,C,4.5370,3.1812,6.8386,2.0833,0.3810
main-hold-BKW,main,BKW,2.5417,1.5721,3.6859,1.4103,0.3846
main-hold-NT,main,NT,6.7000,5.0500,8.0429,4.1929,0.4857
main-hold-PV,main,PV,5.9571,4.7990,6.1329,4.1911,0.8583
mech-hold-C,mech,C,5.1124,3.1812,6.8386,2.0833,0.3810
mech-hold-BKW,mech,BKW,3.0545,1.5721,3.6859,1.4103,0.5385
mech-hold-NT,mech,NT,6.2786,5.0500,8.0429,4.1929,0.5286
mech-hold-PV,mech,PV,5.9676,4.7990,6.1329,4.1911,0.8750
macro-hold-C,macro,C,5.2447,3.1812,6.8386,2.0833,0.5238
macro-hold-BKW,macro,BKW,3.6090,1.5721,3.6859,1.4103,0.6923
macro-hold-NT,macro,NT,7.3857,5.0500,8.0429,4.1929,0.5857
macro-hold-PV,macro,PV,5.9582,4.7990,6.1329,4.1911,0.8583
wide-hold-C,wide,C,5.9921,3.1812,6.8386,2.0833,0.5714
wide-hold-NT,wide,NT,6.9714,5.0500,8.0429,4.1929,0.6857
