fold,instance,family,lb,h_tr,rl_gap,best_fixed,portfolio,oracle,fallback,deployed_gap,rollout_cpu_s,rollout_wall_s
C,C1P1,C,20,22,10.0000,5.0000,5.0000,5.0000,1,5.0000,1.9920,0.2005
C,C1P2,C,20,20,0.0000,20.0000,10.0000,5.0000,0,0.0000,2.3843,0.2396
C,C1P3,C,20,21,5.0000,5.0000,5.0000,0.0000,0,5.0000,2.5926,0.2620
C,C2P1,C,15,18,20.0000,13.3333,6.6667,6.6667,1,13.3333,4.9126,0.5050
C,C2P2,C,15,16,6.6667,20.0000,0.0000,0.0000,0,6.6667,5.6822,0.5929
C,C2P3,C,15,19,26.6667,6.6667,0.0000,0.0000,1,6.6667,5.0070,0.5116
C,C3P1,C,30,33,10.0000,10.0000,3.3333,3.3333,0,10.0000,5.1935,0.5248
C,C3P2,C,30,34,13.3333,13.3333,10.0000,3.3333,1,13.3333,5.3940,0.5464
C,C3P3,C,30,35,16.6667,3.3333,3.3333,3.3333,1,3.3333,5.1590,0.5217
C,C4P1,C,60,63,5.0000,5.0000,3.3333,3.3333,0,5.0000,8.6519,0.8723
C,C4P2,C,60,63,5.0000,5.0000,3.3333,3.3333,0,5.0000,8.9578,0.9072
C,C4P3,C,60,62,3.3333,8.3333,3.3333,1.6667,0,3.3333,8.6411,0.8699
C,C5P1,C,90,92,2.2222,3.3333,1.1111,1.1111,0,2.2222,13.7536,1.4032
C,C5P2,C,90,93,3.3333,2.2222,2.2222,1.1111,1,2.2222,13.1504,1.3292
C,C5P3,C,90,93,3.3333,8.8889,2.2222,1.1111,0,3.3333,13.1594,1.3256
C,C6P1,C,120,125,4.1667,1.6667,1.6667,0.8333,1,1.6667,18.3080,1.8628
C,C6P2,C,120,126,5.0000,3.3333,1.6667,1.6667,1,3.3333,17.5666,1.7728
C,C6P3,C,120,122,1.6667,4.1667,1.6667,0.8333,0,1.6667,17.4245,1.7559
C,C7P1,C,240,244,1.6667,2.0833,1.2500,0.8333,0,1.6667,36.3532,3.6798
C,C7P2,C,240,243,1.2500,1.6667,0.8333,0.4167,0,1.2500,36.5662,3.7011
C,C7P3,C,240,243,1.2500,1.2500,0.8333,0.8333,0,1.2500,35.8297,3.6116
BKW,BKW01,BKW,40,40,0.0000,0.0000,0.0000,0.0000,0,0.0000,1.3149,0.1326
BKW,BKW02,BKW,50,52,4.0000,6.0000,4.0000,4.0000,0,4.0000,3.4980,0.3630
BKW,BKW03,BKW,50,63,26.0000,6.0000,2.0000,2.0000,1,6.0000,5.8061,0.5966
BKW,BKW04,BKW,80,85,6.2500,3.7500,2.5000,2.5000,1,3.7500,8.1190,0.8262
BKW,BKW05,BKW,100,106,6.0000,6.0000,3.0000,2.0000,0,6.0000,9.7844,0.9881
BKW,BKW06,BKW,100,112,12.0000,2.0000,1.0000,1.0000,1,2.0000,11.2556,1.1339
BKW,BKW07,BKW,100,104,4.0000,16.0000,2.0000,2.0000,0,4.0000,12.9118,1.3045
BKW,BKW08,BKW,80,83,3.7500,3.7500,2.5000,2.5000,0,3.7500,15.5094,1.5812
BKW,BKW09,BKW,150,160,6.6667,1.3333,1.3333,0.6667,1,1.3333,18.6532,1.8809
BKW,BKW10,BKW,150,153,2.0000,0.6667,0.6667,0.6667,1,0.6667,38.2680,3.8769
BKW,BKW11,BKW,150,151,0.6667,1.3333,0.6667,0.6667,0,0.6667,57.4306,5.8142
BKW,BKW12,BKW,300,302,0.6667,0.6667,0.6667,0.3333,0,0.6667,96.7942,9.7992
BKW,BKW13,BKW,960,962,0.2083,0.4167,0.1042,0.0000,0,0.2083,717.6598,73.1464
NT,N1A,NT,200,219,9.5000,10.0000,8.5000,8.5000,0,9.5000,2.4645,0.2486
NT,N1B,NT,200,228,14.0000,15.5000,7.0000,6.0000,0,14.0000,3.0312,0.3051
NT,N1C,NT,200,222,11.0000,19.0000,6.0000,3.0000,0,11.0000,3.9044,0.3936
NT,N1D,NT,200,222,11.0000,10.0000,7.0000,6.5000,1,10.0000,5.0009,0.5090
NT,N1E,NT,200,221,10.5000,8.0000,6.5000,6.5000,1,8.0000,5.2224,0.5362
NT,N2A,NT,200,223,11.5000,11.0000,6.5000,5.5000,1,11.0000,7.1517,0.7236
NT,N2B,NT,200,226,13.0000,14.5000,8.5000,6.0000,0,13.0000,6.9992,0.7306
NT,N2C,NT,200,237,18.5000,10.0000,7.5000,7.5000,1,10.0000,5.5533,0.5605
NT,N2D,NT,200,217,8.5000,6.0000,5.5000,5.0000,1,6.0000,5.9954,0.6063
NT,N2E,NT,200,228,14.0000,18.0000,6.5000,5.5000,0,14.0000,5.9957,0.6054
NT,N3A,NT,200,226,13.0000,7.0000,6.5000,6.5000,1,7.0000,7.0485,0.7118
NT,N3B,NT,200,237,18.5000,11.0000,6.5000,6.5000,1,11.0000,7.1001,0.7175
NT,N3C,NT,200,224,12.0000,8.5000,6.0000,6.0000,1,8.5000,6.9394,0.7013
NT,N3D,NT,200,221,10.5000,6.5000,6.5000,5.5000,1,6.5000,7.0460,0.7129
NT,N3E,NT,200,220,10.0000,13.0000,6.0000,5.0000,0,10.0000,7.8783,0.8174
NT,N4A,NT,200,225,12.5000,5.5000,4.5000,4.5000,1,5.5000,11.8504,1.1956
NT,N4B,NT,200,220,10.0000,6.0000,3.5000,3.5000,1,6.0000,11.7565,1.1858
NT,N4C,NT,200,210,5.0000,7.0000,4.5000,4.0000,0,5.0000,11.7803,1.1880
NT,N4D,NT,200,213,6.5000,18.5000,4.5000,3.5000,0,6.5000,13.2457,1.3688
NT,N4E,NT,200,210,5.0000,8.0000,4.5000,4.5000,0,5.0000,11.7525,1.1865
NT,N5A,NT,200,212,6.0000,9.0000,6.0000,3.0000,0,6.0000,17.7895,1.8000
NT,N5B,NT,200,213,6.5000,4.5000,4.0000,3.5000,1,4.5000,21.1814,2.2918
NT,N5C,NT,200,213,6.5000,7.5000,4.5000,4.5000,0,6.5000,18.0940,2.3263
NT,N5D,NT,200,208,4.0000,4.5000,3.0000,3.0000,0,4.0000,9.5680,0.9872
NT,N5E,NT,200,207,3.5000,7.0000,3.5000,3.5000,0,3.5000,12.6423,1.3101
NT,N6A,NT,200,216,8.0000,5.0000,3.0000,3.0000,1,5.0000,29.1199,3.8253
NT,N6B,NT,200,205,2.5000,6.0000,2.5000,2.5000,0,2.5000,24.3460,2.5075
NT,N6C,NT,200,212,6.0000,6.5000,4.5000,2.5000,0,6.0000,23.6418,2.3920
NT,N6D,NT,200,214,7.0000,3.0000,3.0000,1.5000,1,3.0000,24.5154,2.5469
NT,N6E,NT,200,216,8.0000,3.5000,3.5000,3.5000,1,3.5000,23.2793,2.3487
NT,N7A,NT,200,203,1.5000,1.0000,1.0000,1.0000,1,1.0000,48.4761,4.9282
NT,N7B,NT,200,204,2.0000,3.0000,0.5000,0.5000,0,2.0000,49.1855,5.0033
NT,N7C,NT,200,203,1.5000,4.0000,1.5000,1.5000,0,1.5000,48.5587,4.9239
NT,N7D,NT,200,203,1.5000,2.5000,1.5000,1.5000,0,1.5000,48.8410,4.9576
NT,N7E,NT,200,204,2.0000,2.0000,2.0000,0.5000,0,2.0000,49.1764,5.0171
NT,T1A,NT,200,229,14.5000,10.5000,10.0000,6.0000,1,10.5000,4.1488,0.4190
NT,T1B,NT,200,222,11.0000,10.0000,7.0000,6.5000,1,10.0000,4.1187,0.4165
NT,T1C,NT,200,247,23.5000,14.0000,9.0000,6.0000,1,14.0000,4.2053,0.4239
NT,T1D,NT,200,210,5.0000,8.0000,6.0000,5.0000,0,5.0000,4.0509,0.4098
NT,T1E,NT,200,231,15.5000,9.0000,9.0000,8.0000,1,9.0000,4.0610,0.4092
NT,T2A,NT,200,238,19.0000,8.0000,7.5000,6.5000,1,8.0000,6.1658,0.6451
NT,T2B,NT,200,222,11.0000,11.5000,8.0000,6.0000,0,11.0000,6.1255,0.6209
NT,T2C,NT,200,242,21.0000,15.5000,10.0000,6.0000,1,15.5000,6.8343,0.7129
NT,T2D,NT,200,228,14.0000,18.0000,6.5000,5.5000,0,14.0000,6.4975,0.9200
NT,T2E,NT,200,226,13.0000,14.5000,8.5000,6.0000,0,13.0000,7.5641,1.3023
NT,T3A,NT,200,221,10.5000,6.5000,6.5000,5.5000,1,6.5000,3.8909,0.4083
NT,T3B,NT,200,214,7.0000,5.5000,5.5000,5.5000,1,5.5000,3.5135,0.3582
NT,T3C,NT,200,213,6.5000,9.0000,9.0000,6.0000,0,6.5000,3.6042,0.3731
NT,T3D,NT,200,226,13.0000,13.5000,11.0000,6.5000,0,13.0000,4.2860,0.4466
NT,T3E,NT,200,237,18.5000,11.0000,6.5000,6.5000,1,11.0000,10.4578,1.4282
NT,T4A,NT,200,212,6.0000,5.5000,5.0000,3.5000,1,5.5000,17.1405,1.9913
NT,T4B,NT,200,210,5.0000,7.0000,4.5000,4.0000,0,5.0000,10.5607,1.0666
NT,T4C,NT,200,213,6.5000,18.5000,4.5000,3.5000,0,6.5000,11.2223,1.1355
NT,T4D,NT,200,225,12.5000,5.5000,4.5000,4.5000,1,5.5000,12.4443,1.2788
NT,T4E,NT,200,220,10.0000,6.0000,3.5000,3.5000,1,6.0000,12.3429,1.2754
NT,T5A,NT,200,213,6.5000,7.5000,4.5000,4.5000,0,6.5000,17.9301,1.8273
NT,T5B,NT,200,214,7.0000,6.0000,4.5000,4.5000,1,6.0000,18.3047,1.8686
NT,T5C,NT,200,212,6.0000,9.0000,6.0000,3.0000,0,6.0000,17.4571,1.7659
NT,T5D,NT,200,208,4.0000,4.5000,3.0000,3.0000,0,4.0000,17.5457,1.7739
NT,T5E,NT,200,213,6.5000,4.5000,4.0000,3.5000,1,4.5000,18.3914,1.8806
NT,T6A,NT,200,216,8.0000,5.5000,3.0000,3.0000,1,5.5000,23.5488,2.3844
NT,T6B,NT,200,212,6.0000,6.5000,4.5000,2.5000,0,6.0000,24.0342,2.4474
NT,T6C,NT,200,216,8.0000,3.5000,3.5000,3.5000,1,3.5000,23.8358,2.4289
NT,T6D,NT,200,205,2.5000,6.0000,2.5000,2.5000,0,2.5000,23.0465,2.3250
NT,T6E,NT,200,209,4.5000,9.5000,2.5000,2.5000,0,4.5000,24.1601,2.4663
NT,T7A,NT,200,203,1.5000,2.0000,1.5000,1.0000,0,1.5000,48.9462,4.9664
NT,T7B,NT,200,203,1.5000,1.0000,1.0000,1.0000,1,1.0000,49.0034,4.9641
NT,T7C,NT,200,206,3.0000,2.0000,1.5000,1.5000,1,2.0000,51.0448,6.2567
NT,T7D,NT,200,204,2.0000,2.5000,1.5000,1.0000,0,2.0000,31.4888,3.4549
NT,T7E,NT,200,205,2.5000,4.0000,1.5000,1.0000,0,2.5000,29.3914,3.3783
PV,PVA10001,PV,992,1081,8.9718,6.7540,5.5444,4.3347,1,6.7540,14.6329,1.4851
PV,PVA10002,PV,985,1097,11.3706,7.0051,5.4822,4.9746,1,7.0051,15.8465,1.5978
PV,PVA10003,PV,1005,1090,8.4577,8.4577,5.9701,5.0746,0,8.4577,16.4151,1.6707
PV,PVA10004,PV,1000,1088,8.8000,6.4000,6.4000,5.4000,1,6.4000,15.2959,1.5420
PV,PVA10005,PV,1006,1083,7.6541,6.1630,5.7654,5.1690,1,6.1630,17.4509,1.8263
PV,PVA10006,PV,973,1064,9.3525,5.0360,5.0360,5.0360,1,5.0360,15.5582,1.5680
PV,PVA10007,PV,971,1074,10.6076,8.3419,5.1493,5.1493,1,8.3419,16.1172,1.6381
PV,PVA10008,PV,1006,1068,6.1630,4.6720,4.6720,4.6720,1,4.6720,15.4040,1.5512
PV,PVA10009,PV,973,1068,9.7636,8.1192,5.4471,5.1387,1,8.1192,16.1358,1.6824
PV,PVA10010,PV,1064,1166,9.5865,5.6391,5.6391,5.4511,1,5.6391,16.2846,1.6561
PV,PVA10011,PV,1026,1094,6.6277,6.3353,6.3353,5.7505,1,6.3353,15.7543,1.5899
PV,PVA10012,PV,980,1102,12.4490,6.1224,5.9184,5.6122,1,6.1224,15.4669,1.5584
PV,PVA10013,PV,981,1076,9.6840,5.8104,5.8104,5.7085,1,5.8104,16.5606,1.6871
PV,PVA10014,PV,966,1053,9.0062,6.0041,5.3830,5.3830,1,6.0041,15.6674,1.5770
PV,PVA10015,PV,1061,1147,8.1056,6.7861,5.5608,3.7700,1,6.7861,16.4642,1.6701
PV,PVA30001,PV,3086,3220,4.3422,4.0181,2.3007,2.3007,1,4.0181,47.9588,4.8439
PV,PVA30002,PV,3152,3316,5.2030,3.4581,2.8236,2.4112,1,3.4581,48.6370,4.9170
PV,PVA30003,PV,2918,3073,5.3119,2.7759,2.7759,2.7759,1,2.7759,48.2163,4.8717
PV,PVA30004,PV,3026,3177,4.9901,4.0317,2.7759,2.5116,1,4.0317,48.7887,4.9304
PV,PVA30005,PV,3018,3200,6.0305,3.9099,3.0484,2.7170,1,3.9099,48.9204,4.9415
PV,PVA30006,PV,3110,3287,5.6913,2.7974,2.6688,2.3794,1,2.7974,49.5599,5.0119
PV,PVA30007,PV,3076,3182,3.4460,3.3810,2.6008,2.0806,1,3.3810,49.1053,4.9635
PV,PVA30008,PV,2988,3173,6.1914,3.2463,3.1459,2.7778,1,3.2463,49.0996,4.9614
PV,PVA30009,PV,3012,3172,5.3121,2.6228,2.6228,1.9588,1,2.6228,51.6160,5.2983
PV,PVA30010,PV,3046,3173,4.1694,2.4622,2.0683,2.0683,1,2.4622,49.0628,4.9600
PV,PVA30011,PV,2934,3096,5.5215,2.5562,2.5562,2.4881,1,2.5562,49.8647,5.0495
PV,PVA30012,PV,3029,3173,4.7540,3.3014,2.8062,2.4100,1,3.3014,50.0511,5.0677
PV,PVA30013,PV,3026,3176,4.9570,3.6682,2.2472,2.2472,1,3.6682,49.3437,4.9914
PV,PVA30014,PV,3077,3282,6.6623,3.0549,2.4049,2.3399,1,3.0549,49.7339,5.0348
PV,PVA30015,PV,3018,3141,4.0755,4.2081,2.7833,2.1869,0,4.0755,51.5610,5.2341
PV,PVB10001,PV,1507,1612,6.9675,8.4273,6.9011,6.2376,0,6.9675,16.3792,1.6531
PV,PVB10002,PV,1301,1429,9.8386,8.7625,7.4558,6.1491,1,8.7625,15.8857,1.5990
PV,PVB10003,PV,1271,1404,10.4642,5.2714,5.2714,4.4847,1,5.2714,16.8974,1.7182
PV,PVB10004,PV,1465,1580,7.8498,9.2150,6.4846,6.1433,0,7.8498,16.4185,1.6540
PV,PVB10005,PV,1368,1525,11.4766,5.5556,5.5556,5.4094,1,5.5556,16.1647,1.6286
PV,PVB10006,PV,1449,1654,14.1477,12.9055,7.0393,5.8661,1,12.9055,17.0616,1.7342
PV,PVB10007,PV,1277,1420,11.1981,9.0055,6.8912,5.2467,1,9.0055,16.1280,1.6248
PV,PVB10008,PV,1353,1497,10.6430,6.7997,6.7997,5.5432,1,6.7997,16.0591,1.6164
PV,PVB10009,PV,1336,1450,8.5329,9.8802,6.8114,6.8114,0,8.5329,17.1692,1.7516
PV,PVB10010,PV,1360,1491,9.6324,8.6765,6.0294,5.5147,1,8.6765,16.2652,1.6412
PV,PVB10011,PV,1337,1465,9.5737,12.4159,7.2550,6.8063,0,9.5737,16.4062,1.6551
PV,PVB10012,PV,1341,1506,12.3043,9.3214,7.8300,6.8606,1,9.3214,17.2108,1.7487
PV,PVB10013,PV,1349,1454,7.7835,8.1542,7.4870,6.0044,0,7.7835,16.4317,1.6584
PV,PVB10014,PV,1442,1593,10.4716,9.2926,6.6574,5.3398,1,9.2926,16.3033,1.6427
PV,PVB10015,PV,1410,1559,10.5674,7.0922,6.7376,6.2411,1,7.0922,17.1305,1.7439
PV,PVB30001,PV,4032,4366,8.2837,5.2331,3.9683,3.4226,1,5.2331,52.3164,5.3652
PV,PVB30002,PV,4029,4344,7.8183,3.3507,3.3507,3.3507,1,3.3507,50.6745,5.1332
PV,PVB30003,PV,3920,4218,7.6020,3.7245,3.4439,3.3929,1,3.7245,50.9406,5.1538
PV,PVB30004,PV,3996,4286,7.2573,4.2793,4.0290,2.9279,1,4.2793,51.0429,5.1686
PV,PVB30005,PV,4163,4498,8.0471,2.7384,2.7384,2.7384,1,2.7384,50.6748,5.1203
PV,PVB30006,PV,4102,4462,8.7762,3.7055,3.7055,3.0961,1,3.7055,51.0351,5.1655
PV,PVB30007,PV,4133,4482,8.4442,3.8713,3.6293,3.4842,1,3.8713,51.3891,5.1942
PV,PVB30008,PV,4172,4544,8.9166,3.5475,3.5475,3.2359,1,3.5475,53.9154,5.5204
PV,PVB30009,PV,3957,4292,8.4660,3.7908,3.5886,3.2853,1,3.7908,56.6252,5.9363
PV,PVB30010,PV,4169,4489,7.6757,3.8139,2.8064,2.8064,1,3.8139,51.7419,5.2391
PV,PVB30011,PV,4126,4448,7.8042,4.0960,3.1023,3.1023,1,4.0960,51.1964,5.1769
PV,PVB30012,PV,4042,4305,6.5067,3.7110,3.6863,3.1667,1,3.7110,51.9115,5.2528
PV,PVB30013,PV,3987,4307,8.0261,4.7404,3.7622,3.5867,1,4.7404,53.3994,5.4642
PV,PVB30014,PV,4159,4465,7.3575,4.0635,3.3181,2.6689,1,4.0635,51.6390,5.2180
PV,PVB30015,PV,4013,4287,6.8278,3.0401,3.0401,3.0401,1,3.0401,52.1913,5.2843
PV,PVC10001,PV,638,704,10.3448,9.5611,5.6426,5.1724,1,9.5611,16.7844,1.6899
PV,PVC10002,PV,685,752,9.7810,7.5912,7.2993,5.1095,1,7.5912,17.4161,1.7696
PV,PVC10003,PV,758,856,12.9288,5.0132,4.8813,4.8813,1,5.0132,17.0536,1.7190
PV,PVC10004,PV,680,740,8.8235,5.4412,4.7059,4.7059,1,5.4412,16.8200,1.6934
PV,PVC10005,PV,705,769,9.0780,5.9574,5.9574,4.1135,1,5.9574,17.4304,1.7697
PV,PVC10006,PV,701,775,10.5563,9.9857,8.9872,6.8474,1,9.9857,16.9688,1.7111
PV,PVC10007,PV,814,904,11.0565,3.4398,3.4398,3.4398,1,3.4398,16.9627,1.7128
PV,PVC10008,PV,722,784,8.5873,9.9723,4.1551,3.3241,0,8.5873,17.4609,1.7754
PV,PVC10009,PV,677,748,10.4874,6.6470,5.0222,5.0222,1,6.6470,16.6467,1.6774
PV,PVC10010,PV,720,783,8.7500,7.5000,6.9444,3.4722,1,7.5000,17.0792,1.7224
PV,PVC10011,PV,742,811,9.2992,7.5472,4.8518,4.8518,1,7.5472,17.5158,1.7787
PV,PVC10012,PV,764,849,11.1257,6.0209,4.9738,4.5812,1,6.0209,16.8980,1.7025
PV,PVC10013,PV,688,756,9.8837,6.3953,6.3953,5.6686,1,6.3953,16.7967,1.6907
PV,PVC10014,PV,782,881,12.6598,8.0563,6.0102,6.0102,1,8.0563,17.4936,1.7781
PV,PVC10015,PV,708,803,13.4181,8.6158,7.0621,4.8023,1,8.6158,16.9473,1.7077
PV,PVC30001,PV,2144,2232,4.1045,4.2910,2.8451,2.8451,0,4.1045,52.3516,5.2942
PV,PVC30002,PV,2173,2264,4.1878,4.1878,3.4514,2.4850,0,4.1878,52.4191,5.2998
PV,PVC30003,PV,2272,2389,5.1496,4.5335,3.0810,2.6408,1,4.5335,52.1624,5.2740
PV,PVC30004,PV,2112,2206,4.4508,3.4091,2.2254,2.2254,1,3.4091,54.5766,5.5880
PV,PVC30005,PV,2186,2284,4.4831,3.5224,3.5224,2.8362,1,3.5224,52.4716,5.2999
PV,PVC30006,PV,1978,2071,4.7017,3.5895,2.4267,2.4267,1,3.5895,53.0235,5.3825
PV,PVC30007,PV,2206,2325,5.3944,3.4451,3.3545,2.7652,1,3.4451,53.0761,5.3699
PV,PVC30008,PV,2187,2285,4.4810,2.8807,2.8807,2.8807,1,2.8807,52.3902,5.2951
PV,PVC30009,PV,2132,2226,4.4090,4.8311,1.6417,1.6417,0,4.4090,52.8583,5.3444
PV,PVC30010,PV,2199,2297,4.4566,2.6830,2.6376,2.6376,1,2.6830,53.6865,5.4362
PV,PVC30011,PV,2090,2212,5.8373,3.3493,3.3493,2.7751,1,3.3493,53.1125,5.3710
PV,PVC30012,PV,2207,2324,5.3013,1.9483,1.9483,1.9483,1,1.9483,53.7044,5.4337
PV,PVC30013,PV,2251,2344,4.1315,4.3092,3.1542,2.8876,0,4.1315,53.8120,5.4469
PV,PVC30014,PV,2258,2387,5.7130,4.0744,2.2143,2.2143,1,4.0744,61.0958,6.4116
PV,PVC30015,PV,2333,2459,5.4008,4.3292,3.2147,2.9576,1,4.3292,66.1375,6.9827
PV,PVD10001,PV,967,1104,14.1675,7.5491,7.4457,5.4809,1,7.5491,17.5684,1.7770
PV,PVD10002,PV,982,1120,14.0530,12.7291,6.6191,6.4155,1,12.7291,18.1241,1.8415
PV,PVD10003,PV,979,1093,11.6445,11.6445,7.0480,6.9459,0,11.6445,17.7720,1.7934
PV,PVD10004,PV,887,989,11.4994,9.8083,8.3427,7.1026,1,9.8083,17.6845,1.7839
PV,PVD10005,PV,999,1152,15.3153,12.6126,8.1081,6.4064,1,12.6126,18.3820,1.8710
PV,PVD10006,PV,921,1071,16.2866,12.9207,7.8176,7.0575,1,12.9207,17.8391,1.8058
PV,PVD10007,PV,964,1108,14.9378,9.2324,6.9502,6.6390,1,9.2324,17.5774,1.7709
PV,PVD10008,PV,1068,1207,13.0150,12.5468,8.3333,6.8352,1,12.5468,18.3483,1.8648
PV,PVD10009,PV,1054,1193,13.1879,8.0645,8.0645,6.5465,1,8.0645,17.7746,1.7919
PV,PVD10010,PV,962,1074,11.6424,9.4595,7.9002,7.3805,1,9.4595,17.5364,1.7670
PV,PVD10011,PV,961,1064,10.7180,8.9490,7.4922,6.2435,1,8.9490,18.2842,1.8592
PV,PVD10012,PV,1026,1126,9.7466,13.5478,8.3821,6.8226,0,9.7466,17.6398,1.7785
PV,PVD10013,PV,938,1081,15.2452,12.0469,7.9957,6.2900,1,12.0469,18.4412,1.8744
PV,PVD10014,PV,846,942,11.3475,16.3121,6.7376,6.7376,0,11.3475,17.5641,1.7694
PV,PVD10015,PV,899,980,9.0100,10.7898,6.4516,5.3393,0,9.0100,17.5821,1.7730
PV,PVD30001,PV,3040,3200,5.2632,4.0789,3.9803,2.4342,1,4.0789,54.6471,5.5278
PV,PVD30002,PV,2747,2896,5.4241,3.8588,3.3491,3.2035,1,3.8588,54.7140,5.5277
PV,PVD30003,PV,2937,3142,6.9799,3.7794,3.5751,3.5751,1,3.7794,55.1358,5.5802
PV,PVD30004,PV,2799,3074,9.8249,4.1801,4.1801,3.2869,1,4.1801,55.7862,5.6610
PV,PVD30005,PV,2729,2920,6.9989,4.2140,4.2140,3.6277,1,4.2140,55.4558,5.6278
PV,PVD30006,PV,3025,3204,5.9174,4.4959,3.7025,3.5041,1,4.4959,57.3112,5.8763
PV,PVD30007,PV,2836,3062,7.9690,4.6192,3.8787,2.9619,1,4.6192,55.0618,5.5683
PV,PVD30008,PV,3166,3464,9.4125,4.2325,3.6008,3.2849,1,4.2325,56.4952,5.7497
PV,PVD30009,PV,2785,2941,5.6014,6.4632,3.8779,2.6571,0,5.6014,55.0678,5.5673
PV,PVD30010,PV,2987,3171,6.1600,5.0218,4.1178,3.1135,1,5.0218,55.6269,5.6238
PV,PVD30011,PV,2855,3061,7.2154,4.9037,4.0981,2.8021,1,4.9037,55.7198,5.6462
PV,PVD30012,PV,2986,3180,6.4970,5.5928,3.3825,2.7461,1,5.5928,55.6090,5.6262
PV,PVD30013,PV,3042,3290,8.1525,4.9967,4.1420,3.1558,1,4.9967,55.9628,5.6613
PV,PVD30014,PV,2790,3016,8.1004,5.1613,3.7634,3.1541,1,5.1613,56.6436,5.7449
PV,PVD30015,PV,2925,3157,7.9316,3.3846,3.3846,2.7692,1,3.3846,56.4846,5.7172
